"","Pclass.2","Pclass.3","Sex.male","Embarked.Q","Embarked.S","family.small","family.solo","title.Master","title.Miss","title.Mr","title.Mrs","Age","Cabin.1","Cabin.2","Cabin.3","Cabin.4","ticket_group.small","ticket_group.solo","Fare","Survived"
"1",0,1,1,0,1,1,0,0,0,1,0,22,0,0,0,0,0,1,7.25,0
"2",0,0,0,0,0,1,0,0,0,0,1,38,1,0,0,0,1,0,71.2833,1
"3",0,1,0,0,1,0,1,0,1,0,0,26,0,0,0,0,0,1,7.925,1
"4",0,0,0,0,1,1,0,0,0,0,1,35,1,0,0,0,1,0,53.1,1
"5",0,1,1,0,1,0,1,0,0,1,0,35,0,0,0,0,0,1,8.05,0
"6",0,1,1,1,0,0,1,0,0,1,0,28.8628808864266,0,0,0,0,0,1,8.4583,0
"7",0,0,1,0,1,0,1,0,0,1,0,54,1,0,0,0,1,0,51.8625,0
"8",0,1,1,0,1,0,0,1,0,0,0,2,0,0,0,0,0,0,21.075,0
"9",0,1,0,0,1,1,0,0,0,0,1,27,0,0,0,0,1,0,11.1333,1
"10",1,0,0,0,0,1,0,0,0,0,1,14,0,0,0,0,1,0,30.0708,1
"11",0,1,0,0,1,1,0,0,1,0,0,4,1,0,0,0,1,0,16.7,1
"12",0,0,0,0,1,0,1,0,1,0,0,58,1,0,0,0,0,1,26.55,1
"13",0,1,1,0,1,0,1,0,0,1,0,20,0,0,0,0,0,1,8.05,0
"14",0,1,1,0,1,0,0,0,0,1,0,39,0,0,0,0,0,0,31.275,0
"15",0,1,0,0,1,0,1,0,1,0,0,14,0,0,0,0,0,1,7.8542,0
"16",1,0,0,0,1,0,1,0,0,0,1,55,0,0,0,0,0,1,16,1
"17",0,1,1,1,0,0,0,1,0,0,0,2,0,0,0,0,0,0,29.125,0
"18",1,0,1,0,1,0,1,0,0,1,0,33.0771144278607,0,0,0,0,0,1,13,1
"19",0,1,0,0,1,1,0,0,0,0,1,31,0,0,0,0,1,0,18,0
"20",0,1,0,0,0,0,1,0,0,0,1,28.8628808864266,0,0,0,0,0,1,7.225,1
"21",1,0,1,0,1,0,1,0,0,1,0,35,0,0,0,0,1,0,26,0
"22",1,0,1,0,1,0,1,0,0,1,0,34,1,0,0,0,0,1,13,1
"23",0,1,0,1,0,0,1,0,1,0,0,15,0,0,0,0,0,1,8.0292,1
"24",0,0,1,0,1,0,1,0,0,1,0,28,1,0,0,0,0,1,35.5,1
"25",0,1,0,0,1,0,0,0,1,0,0,8,0,0,0,0,0,0,21.075,0
"26",0,1,0,0,1,0,0,0,0,0,1,38,0,0,0,0,0,0,31.3875,1
"27",0,1,1,0,0,0,1,0,0,1,0,28.8628808864266,0,0,0,0,0,1,7.225,0
"28",0,0,1,0,1,0,0,0,0,1,0,19,0,0,1,0,0,0,263,0
"29",0,1,0,1,0,0,1,0,1,0,0,24.0104166666667,0,0,0,0,0,1,7.8792,1
"30",0,1,1,0,1,0,1,0,0,1,0,28.8628808864266,0,0,0,0,0,1,7.8958,0
"31",0,0,1,0,0,0,1,1,0,0,0,40,0,0,0,0,0,1,27.7208,0
"32",0,0,0,0,0,1,0,0,0,0,1,42.3995327102804,1,0,0,0,1,0,146.5208,1
"33",0,1,0,1,0,0,1,0,1,0,0,24.0104166666667,0,0,0,0,0,1,7.75,1
"34",1,0,1,0,1,0,1,0,0,1,0,66,0,0,0,0,0,1,10.5,0
"35",0,0,1,0,0,1,0,0,0,1,0,28,0,0,0,0,1,0,82.1708,0
"36",0,0,1,0,1,1,0,0,0,1,0,42,0,0,0,0,1,0,52,0
"37",0,1,1,0,0,0,1,0,0,1,0,28.8628808864266,0,0,0,0,0,1,7.2292,1
"38",0,1,1,0,1,0,1,0,0,1,0,21,0,0,0,0,0,1,8.05,0
"39",0,1,0,0,1,1,0,0,1,0,0,18,0,0,0,0,1,0,18,0
"40",0,1,0,0,0,1,0,0,1,0,0,14,0,0,0,0,1,0,11.2417,1
"41",0,1,0,0,1,1,0,0,0,0,1,40,0,0,0,0,0,1,9.475,0
"42",1,0,0,0,1,1,0,0,0,0,1,27,0,0,0,0,1,0,21,0
"43",0,1,1,0,0,0,1,0,0,1,0,28.8628808864266,0,0,0,0,0,1,7.8958,0
"44",1,0,0,0,0,1,0,0,1,0,0,3,0,0,0,0,1,0,41.5792,1
"45",0,1,0,1,0,0,1,0,1,0,0,19,0,0,0,0,0,1,7.8792,1
"46",0,1,1,0,1,0,1,0,0,1,0,28.8628808864266,0,0,0,0,0,1,8.05,0
"47",0,1,1,1,0,1,0,0,0,1,0,28.8628808864266,0,0,0,0,1,0,15.5,0
"48",0,1,0,1,0,0,1,0,1,0,0,24.0104166666667,0,0,0,0,0,1,7.75,1
"49",0,1,1,0,0,1,0,0,0,1,0,28.8628808864266,0,0,0,0,1,0,21.6792,0
"50",0,1,0,0,1,1,0,0,0,0,1,18,0,0,0,0,1,0,17.8,0
"51",0,1,1,0,1,0,0,1,0,0,0,7,0,0,0,0,0,0,39.6875,0
"52",0,1,1,0,1,0,1,0,0,1,0,21,0,0,0,0,0,1,7.8,0
"53",0,0,0,0,0,1,0,0,0,0,1,49,1,0,0,0,1,0,76.7292,1
"54",1,0,0,0,1,1,0,0,0,0,1,29,0,0,0,0,1,0,26,1
"55",0,0,1,0,0,1,0,0,0,1,0,65,1,0,0,0,1,0,61.9792,0
"56",0,0,1,0,1,0,1,0,0,1,0,42.3995327102804,1,0,0,0,0,1,35.5,1
"57",1,0,0,0,1,0,1,0,1,0,0,21,0,0,0,0,0,1,10.5,1
"58",0,1,1,0,0,0,1,0,0,1,0,28.5,0,0,0,0,0,1,7.2292,0
"59",1,0,0,0,1,1,0,0,1,0,0,5,0,0,0,0,1,0,27.75,1
"60",0,1,1,0,1,0,0,1,0,0,0,11,0,0,0,0,0,0,46.9,0
"61",0,1,1,0,0,0,1,0,0,1,0,22,0,0,0,0,0,1,7.2292,0
"62",0,0,0,0,1,0,1,0,1,0,0,38,1,0,0,0,1,0,80,1
"63",0,0,1,0,1,1,0,0,0,1,0,45,1,0,0,0,1,0,83.475,0
"64",0,1,1,0,1,0,0,1,0,0,0,4,0,0,0,0,0,0,27.9,0
"65",0,0,1,0,0,0,1,0,0,1,0,42.3995327102804,0,0,0,0,0,1,27.7208,0
"66",0,1,1,0,0,1,0,1,0,0,0,7.12378640776699,0,0,0,0,1,0,15.2458,1
"67",1,0,0,0,1,0,1,0,0,0,1,29,1,0,0,0,0,1,10.5,1
"68",0,1,1,0,1,0,1,0,0,1,0,19,0,0,0,0,0,1,8.1583,0
"69",0,1,0,0,1,0,0,0,1,0,0,17,0,0,0,0,0,1,7.925,1
"70",0,1,1,0,1,1,0,0,0,1,0,26,0,0,0,0,0,1,8.6625,0
"71",1,0,1,0,1,0,1,0,0,1,0,32,0,0,0,0,0,1,10.5,0
"72",0,1,0,0,1,0,0,0,1,0,0,16,0,0,0,0,0,0,46.9,0
"73",1,0,1,0,1,0,1,0,0,1,0,21,0,0,0,0,0,0,73.5,0
"74",0,1,1,0,0,1,0,0,0,1,0,26,0,0,0,0,1,0,14.4542,0
"75",0,1,1,0,1,0,1,0,0,1,0,32,0,0,0,0,0,0,56.4958,1
"76",0,1,1,0,1,0,1,0,0,1,0,25,0,1,0,0,0,1,7.65,0
"77",0,1,1,0,1,0,1,0,0,1,0,28.8628808864266,0,0,0,0,0,1,7.8958,0
"78",0,1,1,0,1,0,1,0,0,1,0,28.8628808864266,0,0,0,0,0,1,8.05,0
"79",1,0,1,0,1,1,0,1,0,0,0,0.83,0,0,0,0,1,0,29,1
"80",0,1,0,0,1,0,1,0,1,0,0,30,0,0,0,0,1,0,12.475,1
"81",0,1,1,0,1,0,1,0,0,1,0,22,0,0,0,0,0,1,9,0
"82",0,1,1,0,1,0,1,0,0,1,0,29,0,0,0,0,0,1,9.5,1
"83",0,1,0,1,0,0,1,0,1,0,0,24.0104166666667,0,0,0,0,0,1,7.7875,1
"84",0,0,1,0,1,0,1,0,0,1,0,28,0,0,0,0,1,0,47.1,0
"85",1,0,0,0,1,0,1,0,1,0,0,17,0,0,0,0,0,1,10.5,1
"86",0,1,0,0,1,1,0,0,0,0,1,33,0,0,0,0,1,0,15.85,1
"87",0,1,1,0,1,0,0,0,0,1,0,16,0,0,0,0,0,0,34.375,0
"88",0,1,1,0,1,0,1,0,0,1,0,28.8628808864266,0,0,0,0,0,1,8.05,0
"89",0,0,0,0,1,0,0,0,1,0,0,23,0,0,1,0,0,0,263,1
"90",0,1,1,0,1,0,1,0,0,1,0,24,0,0,0,0,0,1,8.05,0
"91",0,1,1,0,1,0,1,0,0,1,0,29,0,0,0,0,0,1,8.05,0
"92",0,1,1,0,1,0,1,0,0,1,0,20,0,0,0,0,0,1,7.8542,0
"93",0,0,1,0,1,1,0,0,0,1,0,46,1,0,0,0,1,0,61.175,0
"94",0,1,1,0,1,1,0,0,0,1,0,26,0,0,0,0,1,0,20.575,0
"95",0,1,1,0,1,0,1,0,0,1,0,59,0,0,0,0,0,1,7.25,0
"96",0,1,1,0,1,0,1,0,0,1,0,28.8628808864266,0,0,0,0,0,1,8.05,0
"97",0,0,1,0,0,0,1,0,0,1,0,71,1,0,0,0,0,1,34.6542,0
"98",0,0,1,0,0,1,0,0,0,1,0,23,0,1,0,0,1,0,63.3583,1
"99",1,0,0,0,1,1,0,0,0,0,1,34,0,0,0,0,1,0,23,1
"100",1,0,1,0,1,1,0,0,0,1,0,34,0,0,0,0,1,0,26,0
"101",0,1,0,0,1,0,1,0,1,0,0,28,0,0,0,0,0,1,7.8958,0
"102",0,1,1,0,1,0,1,0,0,1,0,28.8628808864266,0,0,0,0,0,1,7.8958,0
"103",0,0,1,0,1,1,0,0,0,1,0,21,1,0,0,0,1,0,77.2875,0
"104",0,1,1,0,1,0,1,0,0,1,0,33,0,0,0,0,0,1,8.6542,0
"105",0,1,1,0,1,1,0,0,0,1,0,37,0,0,0,0,0,1,7.925,0
"106",0,1,1,0,1,0,1,0,0,1,0,28,0,0,0,0,0,1,7.8958,0
"107",0,1,0,0,1,0,1,0,1,0,0,21,0,0,0,0,0,1,7.65,1
"108",0,1,1,0,1,0,1,0,0,1,0,28.8628808864266,0,0,0,0,0,1,7.775,1
"109",0,1,1,0,1,0,1,0,0,1,0,38,0,0,0,0,0,1,7.8958,0
"110",0,1,0,1,0,1,0,0,1,0,0,24.0104166666667,0,0,0,0,1,0,24.15,1
"111",0,0,1,0,1,0,1,0,0,1,0,47,1,0,0,0,1,0,52,0
"112",0,1,0,0,0,1,0,0,1,0,0,14.5,0,0,0,0,1,0,14.4542,0
"113",0,1,1,0,1,0,1,0,0,1,0,22,0,0,0,0,0,1,8.05,0
"114",0,1,0,0,1,1,0,0,1,0,0,20,0,0,0,0,0,1,9.825,0
"115",0,1,0,0,0,0,1,0,1,0,0,17,0,0,0,0,1,0,14.4583,0
"116",0,1,1,0,1,0,1,0,0,1,0,21,0,0,0,0,0,1,7.925,0
"117",0,1,1,1,0,0,1,0,0,1,0,70.5,0,0,0,0,0,1,7.75,0
"118",1,0,1,0,1,1,0,0,0,1,0,29,0,0,0,0,1,0,21,0
"119",0,0,1,0,0,1,0,0,0,1,0,24,0,1,0,0,1,0,247.5208,0
"120",0,1,0,0,1,0,0,0,1,0,0,2,0,0,0,0,0,0,31.275,0
"121",1,0,1,0,1,1,0,0,0,1,0,21,0,0,0,0,0,0,73.5,0
"122",0,1,1,0,1,0,1,0,0,1,0,28.8628808864266,0,0,0,0,0,1,8.05,0
"123",1,0,1,0,0,1,0,0,0,1,0,32.5,0,0,0,0,1,0,30.0708,0
"124",1,0,0,0,1,0,1,0,1,0,0,32.5,1,0,0,0,0,1,13,1
"125",0,0,1,0,1,1,0,0,0,1,0,54,1,0,0,0,1,0,77.2875,0
"126",0,1,1,0,0,1,0,1,0,0,0,12,0,0,0,0,1,0,11.2417,1
"127",0,1,1,1,0,0,1,0,0,1,0,28.8628808864266,0,0,0,0,0,1,7.75,0
"128",0,1,1,0,1,0,1,0,0,1,0,24,0,0,0,0,0,1,7.1417,1
"129",0,1,0,0,0,1,0,0,1,0,0,7.12378640776699,0,1,0,0,1,0,22.3583,1
"130",0,1,1,0,1,0,1,0,0,1,0,45,0,0,0,0,0,1,6.975,0
"131",0,1,1,0,0,0,1,0,0,1,0,33,0,0,0,0,0,1,7.8958,0
"132",0,1,1,0,1,0,1,0,0,1,0,20,0,0,0,0,0,1,7.05,0
"133",0,1,0,0,1,1,0,0,0,0,1,47,0,0,0,0,1,0,14.5,0
"134",1,0,0,0,1,1,0,0,0,0,1,29,0,0,0,0,1,0,26,1
"135",1,0,1,0,1,0,1,0,0,1,0,25,0,0,0,0,0,1,13,0
"136",1,0,1,0,0,0,1,0,0,1,0,23,0,0,0,0,0,1,15.0458,0
"137",0,0,0,0,1,1,0,0,1,0,0,19,1,0,0,0,0,1,26.2833,1
"138",0,0,1,0,1,1,0,0,0,1,0,37,1,0,0,0,1,0,53.1,0
"139",0,1,1,0,1,0,1,0,0,1,0,16,0,0,0,0,1,0,9.2167,0
"140",0,0,1,0,0,0,1,0,0,1,0,24,1,0,0,0,1,0,79.2,0
"141",0,1,0,0,0,1,0,0,0,0,1,28.8628808864266,0,0,0,0,1,0,15.2458,0
"142",0,1,0,0,1,0,1,0,1,0,0,22,0,0,0,0,0,1,7.75,1
"143",0,1,0,0,1,1,0,0,0,0,1,24,0,0,0,0,1,0,15.85,1
"144",0,1,1,1,0,0,1,0,0,1,0,19,0,0,0,0,0,1,6.75,0
"145",1,0,1,0,1,0,1,0,0,1,0,18,0,0,0,0,0,1,11.5,0
"146",1,0,1,0,1,1,0,0,0,1,0,19,0,0,0,0,1,0,36.75,0
"147",0,1,1,0,1,0,1,0,0,1,0,27,0,0,0,0,0,1,7.7958,1
"148",0,1,0,0,1,0,0,0,1,0,0,9,0,0,0,0,0,0,34.375,0
"149",1,0,1,0,1,1,0,0,0,1,0,36.5,1,0,0,0,1,0,26,0
"150",1,0,1,0,1,0,1,0,0,0,0,42,0,0,0,0,0,1,13,0
"151",1,0,1,0,1,0,1,0,0,0,0,51,0,0,0,0,0,1,12.525,0
"152",0,0,0,0,1,1,0,0,0,0,1,22,1,0,0,0,1,0,66.6,1
"153",0,1,1,0,1,0,1,0,0,1,0,55.5,0,0,0,0,0,1,8.05,0
"154",0,1,1,0,1,1,0,0,0,1,0,40.5,0,0,0,0,1,0,14.5,0
"155",0,1,1,0,1,0,1,0,0,1,0,28.8628808864266,0,0,0,0,0,1,7.3125,0
"156",0,0,1,0,0,1,0,0,0,1,0,51,0,0,0,0,1,0,61.3792,0
"157",0,1,0,1,0,0,1,0,1,0,0,16,0,0,0,0,0,1,7.7333,1
"158",0,1,1,0,1,0,1,0,0,1,0,30,0,0,0,0,0,1,8.05,0
"159",0,1,1,0,1,0,1,0,0,1,0,28.8628808864266,0,0,0,0,0,1,8.6625,0
"160",0,1,1,0,1,0,0,1,0,0,0,18.8168,0,0,0,0,0,0,69.55,0
"161",0,1,1,0,1,1,0,0,0,1,0,44,0,0,0,0,1,0,16.1,0
"162",1,0,0,0,1,0,1,0,0,0,1,40,0,0,0,0,1,0,15.75,1
"163",0,1,1,0,1,0,1,0,0,1,0,26,0,0,0,0,0,1,7.775,0
"164",0,1,1,0,1,0,1,0,0,1,0,17,0,0,0,0,0,1,8.6625,0
"165",0,1,1,0,1,0,0,1,0,0,0,1,0,0,0,0,0,0,39.6875,0
"166",0,1,1,0,1,1,0,1,0,0,0,9,0,0,0,0,1,0,20.525,1
"167",0,0,0,0,1,1,0,0,0,0,1,42.3995327102804,1,0,0,0,1,0,55,1
"168",0,1,0,0,1,0,0,0,0,0,1,45,0,0,0,0,0,0,27.9,0
"169",0,0,1,0,1,0,1,0,0,1,0,42.3995327102804,0,0,0,0,0,1,25.925,0
"170",0,1,1,0,1,0,1,0,0,1,0,28,0,0,0,0,0,0,56.4958,0
"171",0,0,1,0,1,0,1,0,0,1,0,61,1,0,0,0,0,1,33.5,0
"172",0,1,1,1,0,0,0,1,0,0,0,4,0,0,0,0,0,0,29.125,0
"173",0,1,0,0,1,1,0,0,1,0,0,1,0,0,0,0,1,0,11.1333,1
"174",0,1,1,0,1,0,1,0,0,1,0,21,0,0,0,0,0,1,7.925,0
"175",0,0,1,0,0,0,1,0,0,1,0,56,1,0,0,0,0,1,30.6958,0
"176",0,1,1,0,1,1,0,0,0,1,0,18,0,0,0,0,0,1,7.8542,0
"177",0,1,1,0,1,0,0,1,0,0,0,7.12378640776699,0,0,0,0,0,0,25.4667,0
"178",0,0,0,0,0,0,1,0,1,0,0,50,1,0,0,0,0,1,28.7125,0
"179",1,0,1,0,1,0,1,0,0,1,0,30,0,0,0,0,0,1,13,0
"180",0,1,1,0,1,0,1,0,0,1,0,36,0,0,0,0,1,0,0,0
"181",0,1,0,0,1,0,0,0,1,0,0,18.8168,0,0,0,0,0,0,69.55,0
"182",1,0,1,0,0,0,1,0,0,1,0,33.0771144278607,0,0,0,0,0,1,15.05,0
"183",0,1,1,0,1,0,0,1,0,0,0,9,0,0,0,0,0,0,31.3875,0
"184",1,0,1,0,1,1,0,1,0,0,0,1,1,0,0,0,1,0,39,1
"185",0,1,0,0,1,1,0,0,1,0,0,4,0,0,0,0,1,0,22.025,1
"186",0,0,1,0,1,0,1,0,0,1,0,42.3995327102804,1,0,0,0,0,1,50,0
"187",0,1,0,1,0,1,0,0,0,0,1,28.8628808864266,0,0,0,0,1,0,15.5,1
"188",0,0,1,0,1,0,1,0,0,1,0,45,0,0,0,0,0,1,26.55,1
"189",0,1,1,1,0,1,0,0,0,1,0,40,0,0,0,0,1,0,15.5,0
"190",0,1,1,0,1,0,1,0,0,1,0,36,0,0,0,0,0,1,7.8958,0
"191",1,0,0,0,1,0,1,0,0,0,1,32,0,0,0,0,0,1,13,1
"192",1,0,1,0,1,0,1,0,0,1,0,19,0,0,0,0,0,1,13,0
"193",0,1,0,0,1,1,0,0,1,0,0,19,0,0,0,0,0,1,7.8542,1
"194",1,0,1,0,1,1,0,1,0,0,0,3,1,0,0,0,1,0,26,1
"195",0,0,0,0,0,0,1,0,0,0,1,44,1,0,0,0,0,1,27.7208,1
"196",0,0,0,0,0,0,1,0,1,0,0,58,1,0,0,0,1,0,146.5208,1
"197",0,1,1,1,0,0,1,0,0,1,0,28.8628808864266,0,0,0,0,0,1,7.75,0
"198",0,1,1,0,1,1,0,0,0,1,0,42,0,0,0,0,0,1,8.4042,0
"199",0,1,0,1,0,0,1,0,1,0,0,24.0104166666667,0,0,0,0,0,1,7.75,1
"200",1,0,0,0,1,0,1,0,1,0,0,24,0,0,0,0,0,1,13,0
"201",0,1,1,0,1,0,1,0,0,1,0,28,0,0,0,0,0,1,9.5,0
"202",0,1,1,0,1,0,0,0,0,1,0,28.8628808864266,0,0,0,0,0,0,69.55,0
"203",0,1,1,0,1,0,1,0,0,1,0,34,0,0,0,0,0,1,6.4958,0
"204",0,1,1,0,0,0,1,0,0,1,0,45.5,0,0,0,0,0,1,7.225,0
"205",0,1,1,0,1,0,1,0,0,1,0,18,0,0,0,0,0,1,8.05,1
"206",0,1,0,0,1,1,0,0,1,0,0,2,1,0,0,0,1,0,10.4625,0
"207",0,1,1,0,1,1,0,0,0,1,0,32,0,0,0,0,1,0,15.85,0
"208",0,1,1,0,0,0,1,0,0,1,0,26,0,0,0,0,1,0,18.7875,1
"209",0,1,0,1,0,0,1,0,1,0,0,16,0,0,0,0,0,1,7.75,1
"210",0,0,1,0,0,0,1,0,0,1,0,40,1,0,0,0,0,1,31,1
"211",0,1,1,0,1,0,1,0,0,1,0,24,0,0,0,0,0,1,7.05,0
"212",1,0,0,0,1,0,1,0,1,0,0,35,0,0,0,0,1,0,21,1
"213",0,1,1,0,1,0,1,0,0,1,0,22,0,0,0,0,0,1,7.25,0
"214",1,0,1,0,1,0,1,0,0,1,0,30,0,0,0,0,0,1,13,0
"215",0,1,1,1,0,1,0,0,0,1,0,28.8628808864266,0,0,0,0,0,1,7.75,0
"216",0,0,0,0,0,1,0,0,1,0,0,31,1,0,0,0,1,0,113.275,1
"217",0,1,0,0,1,0,1,0,1,0,0,27,0,0,0,0,0,1,7.925,1
"218",1,0,1,0,1,1,0,0,0,1,0,42,0,0,0,0,1,0,27,0
"219",0,0,0,0,0,0,1,0,1,0,0,32,1,0,0,0,1,0,76.2917,1
"220",1,0,1,0,1,0,1,0,0,1,0,30,0,0,0,0,0,1,10.5,0
"221",0,1,1,0,1,0,1,0,0,1,0,16,0,0,0,0,0,1,8.05,1
"222",1,0,1,0,1,0,1,0,0,1,0,27,0,0,0,0,0,1,13,0
"223",0,1,1,0,1,0,1,0,0,1,0,51,0,0,0,0,0,1,8.05,0
"224",0,1,1,0,1,0,1,0,0,1,0,28.8628808864266,0,0,0,0,0,1,7.8958,0
"225",0,0,1,0,1,1,0,0,0,1,0,38,1,0,0,0,1,0,90,1
"226",0,1,1,0,1,0,1,0,0,1,0,22,0,0,0,0,0,1,9.35,0
"227",1,0,1,0,1,0,1,0,0,1,0,19,0,0,0,0,0,1,10.5,1
"228",0,1,1,0,1,0,1,0,0,1,0,20.5,0,0,0,0,0,1,7.25,0
"229",1,0,1,0,1,0,1,0,0,1,0,18,0,0,0,0,0,1,13,0
"230",0,1,0,0,1,0,0,0,1,0,0,7.12378640776699,0,0,0,0,0,0,25.4667,0
"231",0,0,0,0,1,1,0,0,0,0,1,35,1,0,0,0,1,0,83.475,1
"232",0,1,1,0,1,0,1,0,0,1,0,29,0,0,0,0,0,1,7.775,0
"233",1,0,1,0,1,0,1,0,0,1,0,59,0,0,0,0,0,1,13.5,0
"234",0,1,0,0,1,0,0,0,1,0,0,5,0,0,0,0,0,0,31.3875,1
"235",1,0,1,0,1,0,1,0,0,1,0,24,0,0,0,0,0,1,10.5,0
"236",0,1,0,0,1,0,1,0,1,0,0,24.0104166666667,0,0,0,0,0,1,7.55,0
"237",1,0,1,0,1,1,0,0,0,1,0,44,0,0,0,0,1,0,26,0
"238",1,0,0,0,1,1,0,0,1,0,0,8,0,0,0,0,1,0,26.25,1
"239",1,0,1,0,1,0,1,0,0,1,0,19,0,0,0,0,0,1,10.5,0
"240",1,0,1,0,1,0,1,0,0,1,0,33,0,0,0,0,0,1,12.275,0
"241",0,1,0,0,0,1,0,0,1,0,0,24.0104166666667,0,0,0,0,1,0,14.4542,0
"242",0,1,0,1,0,1,0,0,1,0,0,24.0104166666667,0,0,0,0,1,0,15.5,1
"243",1,0,1,0,1,0,1,0,0,1,0,29,0,0,0,0,0,1,10.5,0
"244",0,1,1,0,1,0,1,0,0,1,0,22,0,0,0,0,0,1,7.125,0
"245",0,1,1,0,0,0,1,0,0,1,0,30,0,0,0,0,0,1,7.225,0
"246",0,0,1,1,0,1,0,0,0,0,0,44,1,0,0,0,1,0,90,0
"247",0,1,0,0,1,0,1,0,1,0,0,25,0,0,0,0,0,1,7.775,0
"248",1,0,0,0,1,1,0,0,0,0,1,24,0,0,0,0,1,0,14.5,1
"249",0,0,1,0,1,1,0,0,0,1,0,37,1,0,0,0,1,0,52.5542,1
"250",1,0,1,0,1,1,0,0,0,0,0,54,0,0,0,0,1,0,26,0
"251",0,1,1,0,1,0,1,0,0,1,0,28.8628808864266,0,0,0,0,0,1,7.25,0
"252",0,1,0,0,1,1,0,0,0,0,1,29,1,0,0,0,1,0,10.4625,0
"253",0,0,1,0,1,0,1,0,0,1,0,62,1,0,0,0,0,1,26.55,0
"254",0,1,1,0,1,1,0,0,0,1,0,30,0,0,0,0,1,0,16.1,0
"255",0,1,0,0,1,1,0,0,0,0,1,41,0,0,0,0,1,0,20.2125,0
"256",0,1,0,0,0,1,0,0,0,0,1,29,0,0,0,0,1,0,15.2458,1
"257",0,0,0,0,0,0,1,0,0,0,1,42.3995327102804,0,0,0,0,1,0,79.2,1
"258",0,0,0,0,1,0,1,0,1,0,0,30,1,0,0,0,1,0,86.5,1
"259",0,0,0,0,0,0,1,0,1,0,0,35,0,0,0,0,1,0,512.3292,1
"260",1,0,0,0,1,1,0,0,0,0,1,50,0,0,0,0,1,0,26,1
"261",0,1,1,1,0,0,1,0,0,1,0,28.8628808864266,0,0,0,0,0,1,7.75,0
"262",0,1,1,0,1,0,0,1,0,0,0,3,0,0,0,0,0,0,31.3875,1
"263",0,0,1,0,1,1,0,0,0,1,0,52,1,0,0,0,1,0,79.65,0
"264",0,0,1,0,1,0,1,0,0,1,0,40,1,0,0,0,0,1,0,0
"265",0,1,0,1,0,0,1,0,1,0,0,24.0104166666667,0,0,0,0,0,1,7.75,0
"266",1,0,1,0,1,0,1,0,0,1,0,36,0,0,0,0,0,1,10.5,0
"267",0,1,1,0,1,0,0,0,0,1,0,16,0,0,0,0,0,0,39.6875,0
"268",0,1,1,0,1,1,0,0,0,1,0,25,0,0,0,0,0,1,7.775,1
"269",0,0,0,0,1,1,0,0,0,0,1,58,1,0,0,0,1,0,153.4625,1
"270",0,0,0,0,1,0,1,0,1,0,0,35,1,0,0,0,1,0,135.6333,1
"271",0,0,1,0,1,0,1,0,0,1,0,42.3995327102804,0,0,0,0,1,0,31,0
"272",0,1,1,0,1,0,1,0,0,1,0,25,0,0,0,0,1,0,0,1
"273",1,0,0,0,1,1,0,0,0,0,1,41,0,0,0,0,1,0,19.5,1
"274",0,0,1,0,0,1,0,0,0,1,0,37,1,0,0,0,0,1,29.7,0
"275",0,1,0,1,0,0,1,0,1,0,0,24.0104166666667,0,0,0,0,0,1,7.75,1
"276",0,0,0,0,1,1,0,0,1,0,0,63,1,0,0,0,1,0,77.9583,1
"277",0,1,0,0,1,0,1,0,1,0,0,45,0,0,0,0,0,1,7.75,0
"278",1,0,1,0,1,0,1,0,0,1,0,33.0771144278607,0,0,0,0,1,0,0,0
"279",0,1,1,1,0,0,0,1,0,0,0,7,0,0,0,0,0,0,29.125,0
"280",0,1,0,0,1,1,0,0,0,0,1,35,0,0,0,0,1,0,20.25,1
"281",0,1,1,1,0,0,1,0,0,1,0,65,0,0,0,0,0,1,7.75,0
"282",0,1,1,0,1,0,1,0,0,1,0,28,0,0,0,0,0,1,7.8542,0
"283",0,1,1,0,1,0,1,0,0,1,0,16,0,0,0,0,0,1,9.5,0
"284",0,1,1,0,1,0,1,0,0,1,0,19,0,0,0,0,0,1,8.05,1
"285",0,0,1,0,1,0,1,0,0,1,0,42.3995327102804,1,0,0,0,0,1,26,0
"286",0,1,1,0,0,0,1,0,0,1,0,33,0,0,0,0,0,1,8.6625,0
"287",0,1,1,0,1,0,1,0,0,1,0,30,0,0,0,0,0,1,9.5,1
"288",0,1,1,0,1,0,1,0,0,1,0,22,0,0,0,0,0,1,7.8958,0
"289",1,0,1,0,1,0,1,0,0,1,0,42,0,0,0,0,0,1,13,1
"290",0,1,0,1,0,0,1,0,1,0,0,22,0,0,0,0,0,1,7.75,1
"291",0,0,0,0,1,0,1,0,1,0,0,26,0,0,0,0,1,0,78.85,1
"292",0,0,0,0,0,1,0,0,0,0,1,19,1,0,0,0,1,0,91.0792,1
"293",1,0,1,0,0,0,1,0,0,1,0,36,1,0,0,0,0,1,12.875,0
"294",0,1,0,0,1,0,1,0,1,0,0,24,0,0,0,0,0,1,8.85,0
"295",0,1,1,0,1,0,1,0,0,1,0,24,0,0,0,0,0,1,7.8958,0
"296",0,0,1,0,0,0,1,0,0,1,0,42.3995327102804,0,0,0,0,0,1,27.7208,0
"297",0,1,1,0,0,0,1,0,0,1,0,23.5,0,0,0,0,0,1,7.2292,0
"298",0,0,0,0,1,1,0,0,1,0,0,2,0,1,0,0,0,0,151.55,0
"299",0,0,1,0,1,0,1,0,0,1,0,42.3995327102804,1,0,0,0,0,1,30.5,1
"300",0,0,0,0,0,1,0,0,0,0,1,50,0,1,0,0,1,0,247.5208,1
"301",0,1,0,1,0,0,1,0,1,0,0,24.0104166666667,0,0,0,0,0,1,7.75,1
"302",0,1,1,1,0,1,0,0,0,1,0,28.8628808864266,0,0,0,0,1,0,23.25,1
"303",0,1,1,0,1,0,1,0,0,1,0,19,0,0,0,0,1,0,0,0
"304",1,0,0,1,0,0,1,0,1,0,0,24.0104166666667,1,0,0,0,0,1,12.35,1
"305",0,1,1,0,1,0,1,0,0,1,0,28.8628808864266,0,0,0,0,0,1,8.05,0
"306",0,0,1,0,1,1,0,1,0,0,0,0.92,0,1,0,0,0,0,151.55,1
"307",0,0,0,0,0,0,1,0,1,0,0,34.8913043478261,0,0,0,0,1,0,110.8833,1
"308",0,0,0,0,0,1,0,0,0,0,1,17,1,0,0,0,1,0,108.9,1
"309",1,0,1,0,0,1,0,0,0,1,0,30,0,0,0,0,1,0,24,0
"310",0,0,0,0,0,0,1,0,1,0,0,30,1,0,0,0,1,0,56.9292,1
"311",0,0,0,0,0,0,1,0,1,0,0,24,1,0,0,0,1,0,83.1583,1
"312",0,0,0,0,0,0,0,0,1,0,0,18,0,0,0,1,0,0,262.375,1
"313",1,0,0,0,1,1,0,0,0,0,1,26,0,0,0,0,1,0,26,0
"314",0,1,1,0,1,0,1,0,0,1,0,28,0,0,0,0,0,1,7.8958,0
"315",1,0,1,0,1,1,0,0,0,1,0,43,0,0,0,0,1,0,26.25,0
"316",0,1,0,0,1,0,1,0,1,0,0,26,0,0,0,0,0,1,7.8542,1
"317",1,0,0,0,1,1,0,0,0,0,1,24,0,0,0,0,1,0,26,1
"318",1,0,1,0,1,0,1,0,0,0,0,54,0,0,0,0,0,1,14,0
"319",0,0,0,0,1,1,0,0,1,0,0,31,1,0,0,0,1,0,164.8667,1
"320",0,0,0,0,0,1,0,0,0,0,1,40,1,0,0,0,0,0,134.5,1
"321",0,1,1,0,1,0,1,0,0,1,0,22,0,0,0,0,0,1,7.25,0
"322",0,1,1,0,1,0,1,0,0,1,0,27,0,0,0,0,0,1,7.8958,0
"323",1,0,0,1,0,0,1,0,1,0,0,30,0,0,0,0,0,1,12.35,1
"324",1,0,0,0,1,1,0,0,0,0,1,22,0,0,0,0,1,0,29,1
"325",0,1,1,0,1,0,0,0,0,1,0,28.8628808864266,0,0,0,0,0,0,69.55,0
"326",0,0,0,0,0,0,1,0,1,0,0,36,1,0,0,0,1,0,135.6333,1
"327",0,1,1,0,1,0,1,0,0,1,0,61,0,0,0,0,0,1,6.2375,0
"328",1,0,0,0,1,0,1,0,0,0,1,36,1,0,0,0,0,1,13,1
"329",0,1,0,0,1,1,0,0,0,0,1,31,0,0,0,0,1,0,20.525,1
"330",0,0,0,0,0,1,0,0,1,0,0,16,1,0,0,0,1,0,57.9792,1
"331",0,1,0,1,0,1,0,0,1,0,0,24.0104166666667,0,0,0,0,1,0,23.25,1
"332",0,0,1,0,1,0,1,0,0,1,0,45.5,1,0,0,0,0,1,28.5,0
"333",0,0,1,0,1,1,0,0,0,1,0,38,1,0,0,0,1,0,153.4625,0
"334",0,1,1,0,1,1,0,0,0,1,0,16,0,0,0,0,1,0,18,0
"335",0,0,0,0,1,1,0,0,0,0,1,42.3995327102804,0,0,0,0,1,0,133.65,1
"336",0,1,1,0,1,0,1,0,0,1,0,28.8628808864266,0,0,0,0,0,1,7.8958,0
"337",0,0,1,0,1,1,0,0,0,1,0,29,1,0,0,0,1,0,66.6,0
"338",0,0,0,0,0,0,1,0,1,0,0,41,1,0,0,0,0,0,134.5,1
"339",0,1,1,0,1,0,1,0,0,1,0,45,0,0,0,0,0,1,8.05,1
"340",0,0,1,0,1,0,1,0,0,1,0,45,1,0,0,0,0,1,35.5,0
"341",1,0,1,0,1,1,0,1,0,0,0,2,1,0,0,0,1,0,26,1
"342",0,0,0,0,1,0,0,0,1,0,0,24,0,0,1,0,0,0,263,1
"343",1,0,1,0,1,0,1,0,0,1,0,28,0,0,0,0,0,1,13,0
"344",1,0,1,0,1,0,1,0,0,1,0,25,0,0,0,0,0,1,13,0
"345",1,0,1,0,1,0,1,0,0,1,0,36,0,0,0,0,0,1,13,0
"346",1,0,0,0,1,0,1,0,1,0,0,24,1,0,0,0,0,1,13,1
"347",1,0,0,0,1,0,1,0,1,0,0,40,0,0,0,0,0,1,13,1
"348",0,1,0,0,1,1,0,0,0,0,1,28.8628808864266,0,0,0,0,1,0,16.1,1
"349",0,1,1,0,1,1,0,1,0,0,0,3,0,0,0,0,1,0,15.9,1
"350",0,1,1,0,1,0,1,0,0,1,0,42,0,0,0,0,0,1,8.6625,0
"351",0,1,1,0,1,0,1,0,0,1,0,23,0,0,0,0,0,1,9.225,0
"352",0,0,1,0,1,0,1,0,0,1,0,42.3995327102804,1,0,0,0,0,1,35,0
"353",0,1,1,0,0,1,0,0,0,1,0,15,0,0,0,0,0,1,7.2292,0
"354",0,1,1,0,1,1,0,0,0,1,0,25,0,0,0,0,1,0,17.8,0
"355",0,1,1,0,0,0,1,0,0,1,0,28.8628808864266,0,0,0,0,0,1,7.225,0
"356",0,1,1,0,1,0,1,0,0,1,0,28,0,0,0,0,0,1,9.5,0
"357",0,0,0,0,1,1,0,0,1,0,0,22,1,0,0,0,1,0,55,1
"358",1,0,0,0,1,0,1,0,1,0,0,38,0,0,0,0,0,1,13,0
"359",0,1,0,1,0,0,1,0,1,0,0,24.0104166666667,0,0,0,0,0,1,7.8792,1
"360",0,1,0,1,0,0,1,0,1,0,0,24.0104166666667,0,0,0,0,0,1,7.8792,1
"361",0,1,1,0,1,0,0,0,0,1,0,40,0,0,0,0,0,0,27.9,0
"362",1,0,1,0,0,1,0,0,0,1,0,29,0,0,0,0,1,0,27.7208,0
"363",0,1,0,0,0,1,0,0,0,0,1,45,0,0,0,0,1,0,14.4542,0
"364",0,1,1,0,1,0,1,0,0,1,0,35,0,0,0,0,0,1,7.05,0
"365",0,1,1,1,0,1,0,0,0,1,0,28.8628808864266,0,0,0,0,1,0,15.5,0
"366",0,1,1,0,1,0,1,0,0,1,0,30,0,0,0,0,0,1,7.25,0
"367",0,0,0,0,0,1,0,0,0,0,1,60,1,0,0,0,1,0,75.25,1
"368",0,1,0,0,0,0,1,0,0,0,1,28.8628808864266,0,0,0,0,0,1,7.2292,1
"369",0,1,0,1,0,0,1,0,1,0,0,24.0104166666667,0,0,0,0,0,1,7.75,1
"370",0,0,0,0,0,0,1,0,0,0,1,24,1,0,0,0,1,0,69.3,1
"371",0,0,1,0,0,1,0,0,0,1,0,25,1,0,0,0,1,0,55.4417,1
"372",0,1,1,0,1,1,0,0,0,1,0,18,0,0,0,0,0,1,6.4958,0
"373",0,1,1,0,1,0,1,0,0,1,0,19,0,0,0,0,0,1,8.05,0
"374",0,0,1,0,0,0,1,0,0,1,0,22,0,0,0,0,1,0,135.6333,0
"375",0,1,0,0,1,0,0,0,1,0,0,3,0,0,0,0,0,0,21.075,0
"376",0,0,0,0,0,1,0,0,0,0,1,42.3995327102804,0,0,0,0,1,0,82.1708,1
"377",0,1,0,0,1,0,1,0,1,0,0,22,0,0,0,0,0,1,7.25,1
"378",0,0,1,0,0,1,0,0,0,1,0,27,1,0,0,0,0,0,211.5,0
"379",0,1,1,0,0,0,1,0,0,1,0,20,0,0,0,0,0,1,4.0125,0
"380",0,1,1,0,1,0,1,0,0,1,0,19,0,0,0,0,0,1,7.775,0
"381",0,0,0,0,0,0,1,0,1,0,0,42,0,0,0,0,0,0,227.525,1
"382",0,1,0,0,0,1,0,0,1,0,0,1,0,0,0,0,1,0,15.7417,1
"383",0,1,1,0,1,0,1,0,0,1,0,32,0,0,0,0,0,1,7.925,0
"384",0,0,0,0,1,1,0,0,0,0,1,35,0,0,0,0,1,0,52,1
"385",0,1,1,0,1,0,1,0,0,1,0,28.8628808864266,0,0,0,0,0,1,7.8958,0
"386",1,0,1,0,1,0,1,0,0,1,0,18,0,0,0,0,0,0,73.5,0
"387",0,1,1,0,1,0,0,1,0,0,0,1,0,0,0,0,0,0,46.9,0
"388",1,0,0,0,1,0,1,0,1,0,0,36,0,0,0,0,0,1,13,1
"389",0,1,1,1,0,0,1,0,0,1,0,28.8628808864266,0,0,0,0,0,1,7.7292,0
"390",1,0,0,0,0,0,1,0,1,0,0,17,0,0,0,0,0,1,12,1
"391",0,0,1,0,1,1,0,0,0,1,0,36,0,1,0,0,1,0,120,1
"392",0,1,1,0,1,0,1,0,0,1,0,21,0,0,0,0,0,1,7.7958,1
"393",0,1,1,0,1,1,0,0,0,1,0,28,0,0,0,0,0,1,7.925,0
"394",0,0,0,0,0,1,0,0,1,0,0,23,1,0,0,0,1,0,113.275,1
"395",0,1,0,0,1,1,0,0,0,0,1,24,1,0,0,0,1,0,16.7,1
"396",0,1,1,0,1,0,1,0,0,1,0,22,0,0,0,0,0,1,7.7958,0
"397",0,1,0,0,1,0,1,0,1,0,0,31,0,0,0,0,0,1,7.8542,0
"398",1,0,1,0,1,0,1,0,0,1,0,46,0,0,0,0,1,0,26,0
"399",1,0,1,0,1,0,1,0,0,0,0,23,0,0,0,0,0,1,10.5,0
"400",1,0,0,0,1,0,1,0,0,0,1,28,0,0,0,0,0,1,12.65,1
"401",0,1,1,0,1,0,1,0,0,1,0,39,0,0,0,0,0,1,7.925,1
"402",0,1,1,0,1,0,1,0,0,1,0,26,0,0,0,0,0,1,8.05,0
"403",0,1,0,0,1,1,0,0,1,0,0,21,0,0,0,0,0,1,9.825,0
"404",0,1,1,0,1,1,0,0,0,1,0,28,0,0,0,0,1,0,15.85,0
"405",0,1,0,0,1,0,1,0,1,0,0,20,0,0,0,0,0,1,8.6625,0
"406",1,0,1,0,1,1,0,0,0,1,0,34,0,0,0,0,1,0,21,0
"407",0,1,1,0,1,0,1,0,0,1,0,51,0,0,0,0,0,1,7.75,0
"408",1,0,1,0,1,1,0,1,0,0,0,3,0,0,0,0,1,0,18.75,1
"409",0,1,1,0,1,0,1,0,0,1,0,21,0,0,0,0,0,1,7.775,0
"410",0,1,0,0,1,0,0,0,1,0,0,7.12378640776699,0,0,0,0,0,0,25.4667,0
"411",0,1,1,0,1,0,1,0,0,1,0,28.8628808864266,0,0,0,0,0,1,7.8958,0
"412",0,1,1,1,0,0,1,0,0,1,0,28.8628808864266,0,0,0,0,0,1,6.8583,0
"413",0,0,0,1,0,1,0,0,1,0,0,33,1,0,0,0,1,0,90,1
"414",1,0,1,0,1,0,1,0,0,1,0,33.0771144278607,0,0,0,0,1,0,0,0
"415",0,1,1,0,1,0,1,0,0,1,0,44,0,0,0,0,0,1,7.925,1
"416",0,1,0,0,1,0,1,0,0,0,1,28.8628808864266,0,0,0,0,0,1,8.05,0
"417",1,0,0,0,1,1,0,0,0,0,1,34,0,0,0,0,1,0,32.5,1
"418",1,0,0,0,1,1,0,0,1,0,0,18,0,0,0,0,0,1,13,1
"419",1,0,1,0,1,0,1,0,0,1,0,30,0,0,0,0,0,1,13,0
"420",0,1,0,0,1,1,0,0,1,0,0,10,0,0,0,0,1,0,24.15,0
"421",0,1,1,0,0,0,1,0,0,1,0,28.8628808864266,0,0,0,0,0,1,7.8958,0
"422",0,1,1,1,0,0,1,0,0,1,0,21,0,0,0,0,0,1,7.7333,0
"423",0,1,1,0,1,0,1,0,0,1,0,29,0,0,0,0,0,1,7.875,0
"424",0,1,0,0,1,1,0,0,0,0,1,28,0,0,0,0,1,0,14.4,0
"425",0,1,1,0,1,1,0,0,0,1,0,18,0,0,0,0,1,0,20.2125,0
"426",0,1,1,0,1,0,1,0,0,1,0,28.8628808864266,0,0,0,0,0,1,7.25,0
"427",1,0,0,0,1,1,0,0,0,0,1,28,0,0,0,0,1,0,26,1
"428",1,0,0,0,1,0,1,0,1,0,0,19,0,0,0,0,1,0,26,1
"429",0,1,1,1,0,0,1,0,0,1,0,28.8628808864266,0,0,0,0,0,1,7.75,0
"430",0,1,1,0,1,0,1,0,0,1,0,32,1,0,0,0,0,1,8.05,1
"431",0,0,1,0,1,0,1,0,0,1,0,28,1,0,0,0,0,1,26.55,1
"432",0,1,0,0,1,1,0,0,0,0,1,28.8628808864266,0,0,0,0,1,0,16.1,1
"433",1,0,0,0,1,1,0,0,0,0,1,42,0,0,0,0,1,0,26,1
"434",0,1,1,0,1,0,1,0,0,1,0,17,0,0,0,0,0,1,7.125,0
"435",0,0,1,0,1,1,0,0,0,1,0,50,1,0,0,0,1,0,55.9,0
"436",0,0,0,0,1,1,0,0,1,0,0,14,0,1,0,0,1,0,120,1
"437",0,1,0,0,1,0,0,0,1,0,0,21,0,0,0,0,0,0,34.375,0
"438",1,0,0,0,1,0,0,0,0,0,1,24,0,0,0,0,1,0,18.75,1
"439",0,0,1,0,1,0,0,0,0,1,0,64,0,0,1,0,0,0,263,0
"440",1,0,1,0,1,0,1,0,0,1,0,31,0,0,0,0,0,1,10.5,0
"441",1,0,0,0,1,1,0,0,0,0,1,45,0,0,0,0,1,0,26.25,1
"442",0,1,1,0,1,0,1,0,0,1,0,20,0,0,0,0,0,1,9.5,0
"443",0,1,1,0,1,1,0,0,0,1,0,25,0,0,0,0,0,1,7.775,0
"444",1,0,0,0,1,0,1,0,1,0,0,28,0,0,0,0,0,1,13,1
"445",0,1,1,0,1,0,1,0,0,1,0,28.8628808864266,0,0,0,0,0,1,8.1125,1
"446",0,0,1,0,1,1,0,1,0,0,0,4,1,0,0,0,1,0,81.8583,1
"447",1,0,0,0,1,1,0,0,1,0,0,13,0,0,0,0,1,0,19.5,1
"448",0,0,1,0,1,0,1,0,0,1,0,34,0,0,0,0,0,1,26.55,1
"449",0,1,0,0,0,1,0,0,1,0,0,5,0,0,0,0,1,0,19.2583,1
"450",0,0,1,0,1,0,1,0,0,0,0,52,1,0,0,0,0,1,30.5,1
"451",1,0,1,0,1,1,0,0,0,1,0,36,0,0,0,0,1,0,27.75,0
"452",0,1,1,0,1,1,0,0,0,1,0,28.8628808864266,0,0,0,0,0,1,19.9667,0
"453",0,0,1,0,0,0,1,0,0,1,0,30,1,0,0,0,0,1,27.75,0
"454",0,0,1,0,0,1,0,0,0,1,0,49,1,0,0,0,1,0,89.1042,1
"455",0,1,1,0,1,0,1,0,0,1,0,28.8628808864266,0,0,0,0,0,1,8.05,0
"456",0,1,1,0,0,0,1,0,0,1,0,29,0,0,0,0,0,1,7.8958,1
"457",0,0,1,0,1,0,1,0,0,1,0,65,1,0,0,0,0,1,26.55,0
"458",0,0,0,0,1,1,0,0,0,0,1,42.3995327102804,1,0,0,0,1,0,51.8625,1
"459",1,0,0,0,1,0,1,0,1,0,0,50,0,0,0,0,0,1,10.5,1
"460",0,1,1,1,0,0,1,0,0,1,0,28.8628808864266,0,0,0,0,0,1,7.75,0
"461",0,0,1,0,1,0,1,0,0,1,0,48,1,0,0,0,0,1,26.55,1
"462",0,1,1,0,1,0,1,0,0,1,0,34,0,0,0,0,0,1,8.05,0
"463",0,0,1,0,1,0,1,0,0,1,0,47,1,0,0,0,0,1,38.5,0
"464",1,0,1,0,1,0,1,0,0,1,0,48,0,0,0,0,0,1,13,0
"465",0,1,1,0,1,0,1,0,0,1,0,28.8628808864266,0,0,0,0,0,1,8.05,0
"466",0,1,1,0,1,0,1,0,0,1,0,38,0,0,0,0,0,1,7.05,0
"467",1,0,1,0,1,0,1,0,0,1,0,33.0771144278607,0,0,0,0,1,0,0,0
"468",0,0,1,0,1,0,1,0,0,1,0,56,0,0,0,0,0,1,26.55,0
"469",0,1,1,1,0,0,1,0,0,1,0,28.8628808864266,0,0,0,0,0,1,7.725,0
"470",0,1,0,0,0,1,0,0,1,0,0,0.75,0,0,0,0,1,0,19.2583,1
"471",0,1,1,0,1,0,1,0,0,1,0,28.8628808864266,0,0,0,0,0,1,7.25,0
"472",0,1,1,0,1,0,1,0,0,1,0,38,0,0,0,0,0,1,8.6625,0
"473",1,0,0,0,1,1,0,0,0,0,1,33,0,0,0,0,1,0,27.75,1
"474",1,0,0,0,0,0,1,0,0,0,1,23,1,0,0,0,0,1,13.7917,1
"475",0,1,0,0,1,0,1,0,1,0,0,22,0,0,0,0,0,1,9.8375,0
"476",0,0,1,0,1,0,1,0,0,1,0,42.3995327102804,1,0,0,0,1,0,52,0
"477",1,0,1,0,1,1,0,0,0,1,0,34,0,0,0,0,1,0,21,0
"478",0,1,1,0,1,1,0,0,0,1,0,29,0,0,0,0,0,1,7.0458,0
"479",0,1,1,0,1,0,1,0,0,1,0,22,0,0,0,0,0,1,7.5208,0
"480",0,1,0,0,1,1,0,0,1,0,0,2,0,0,0,0,1,0,12.2875,1
"481",0,1,1,0,1,0,0,1,0,0,0,9,0,0,0,0,0,0,46.9,0
"482",1,0,1,0,1,0,1,0,0,1,0,33.0771144278607,0,0,0,0,0,1,0,0
"483",0,1,1,0,1,0,1,0,0,1,0,50,0,0,0,0,0,1,8.05,0
"484",0,1,0,0,1,0,1,0,0,0,1,63,0,0,0,0,0,1,9.5875,1
"485",0,0,1,0,0,1,0,0,0,1,0,25,1,0,0,0,1,0,91.0792,1
"486",0,1,0,0,1,0,0,0,1,0,0,7.12378640776699,0,0,0,0,0,0,25.4667,0
"487",0,0,0,0,1,1,0,0,0,0,1,35,1,0,0,0,1,0,90,1
"488",0,0,1,0,0,0,1,0,0,1,0,58,1,0,0,0,0,1,29.7,0
"489",0,1,1,0,1,0,1,0,0,1,0,30,0,0,0,0,0,1,8.05,0
"490",0,1,1,0,1,1,0,1,0,0,0,9,0,0,0,0,1,0,15.9,1
"491",0,1,1,0,1,1,0,0,0,1,0,28.8628808864266,0,0,0,0,0,1,19.9667,0
"492",0,1,1,0,1,0,1,0,0,1,0,21,0,0,0,0,0,1,7.25,0
"493",0,0,1,0,1,0,1,0,0,1,0,55,1,0,0,0,0,1,30.5,0
"494",0,0,1,0,0,0,1,0,0,1,0,71,0,0,0,0,0,1,49.5042,0
"495",0,1,1,0,1,0,1,0,0,1,0,21,0,0,0,0,0,1,8.05,0
"496",0,1,1,0,0,0,1,0,0,1,0,28.8628808864266,0,0,0,0,1,0,14.4583,0
"497",0,0,0,0,0,1,0,0,1,0,0,54,1,0,0,0,1,0,78.2667,1
"498",0,1,1,0,1,0,1,0,0,1,0,28.8628808864266,0,0,0,0,1,0,15.1,0
"499",0,0,0,0,1,1,0,0,0,0,1,25,0,1,0,0,0,0,151.55,0
"500",0,1,1,0,1,0,1,0,0,1,0,24,0,0,0,0,0,1,7.7958,0
"501",0,1,1,0,1,0,1,0,0,1,0,17,0,0,0,0,0,1,8.6625,0
"502",0,1,0,1,0,0,1,0,1,0,0,21,0,0,0,0,0,1,7.75,0
"503",0,1,0,1,0,0,1,0,1,0,0,24.0104166666667,0,0,0,0,0,1,7.6292,0
"504",0,1,0,0,1,0,1,0,1,0,0,37,0,0,0,0,0,1,9.5875,0
"505",0,0,0,0,1,0,1,0,1,0,0,16,1,0,0,0,1,0,86.5,1
"506",0,0,1,0,0,1,0,0,0,1,0,18,1,0,0,0,1,0,108.9,0
"507",1,0,0,0,1,1,0,0,0,0,1,33,0,0,0,0,1,0,26,1
"508",0,0,1,0,1,0,1,0,0,1,0,42.3995327102804,0,0,0,0,0,1,26.55,1
"509",0,1,1,0,1,0,1,0,0,1,0,28,0,0,0,0,1,0,22.525,0
"510",0,1,1,0,1,0,1,0,0,1,0,26,0,0,0,0,0,0,56.4958,1
"511",0,1,1,1,0,0,1,0,0,1,0,29,0,0,0,0,0,1,7.75,1
"512",0,1,1,0,1,0,1,0,0,1,0,28.8628808864266,0,0,0,0,0,1,8.05,0
"513",0,0,1,0,1,0,1,0,0,1,0,36,1,0,0,0,0,1,26.2875,1
"514",0,0,0,0,0,1,0,0,0,0,1,54,0,0,0,0,1,0,59.4,1
"515",0,1,1,0,1,0,1,0,0,1,0,24,0,0,0,0,0,1,7.4958,0
"516",0,0,1,0,1,0,1,0,0,1,0,47,1,0,0,0,0,1,34.0208,0
"517",1,0,0,0,1,0,1,0,0,0,1,34,1,0,0,0,0,1,10.5,1
"518",0,1,1,1,0,0,1,0,0,1,0,28.8628808864266,0,0,0,0,1,0,24.15,0
"519",1,0,0,0,1,1,0,0,0,0,1,36,0,0,0,0,1,0,26,1
"520",0,1,1,0,1,0,1,0,0,1,0,32,0,0,0,0,0,1,7.8958,0
"521",0,0,0,0,1,0,1,0,1,0,0,30,1,0,0,0,1,0,93.5,1
"522",0,1,1,0,1,0,1,0,0,1,0,22,0,0,0,0,0,1,7.8958,0
"523",0,1,1,0,0,0,1,0,0,1,0,28.8628808864266,0,0,0,0,0,1,7.225,0
"524",0,0,0,0,0,1,0,0,0,0,1,44,1,0,0,0,1,0,57.9792,1
"525",0,1,1,0,0,0,1,0,0,1,0,28.8628808864266,0,0,0,0,0,1,7.2292,0
"526",0,1,1,1,0,0,1,0,0,1,0,40.5,0,0,0,0,0,1,7.75,0
"527",1,0,0,0,1,0,1,0,1,0,0,50,0,0,0,0,0,1,10.5,1
"528",0,0,1,0,1,0,1,0,0,1,0,42.3995327102804,1,0,0,0,1,0,221.7792,0
"529",0,1,1,0,1,0,1,0,0,1,0,39,0,0,0,0,0,1,7.925,0
"530",1,0,1,0,1,1,0,0,0,1,0,23,0,0,0,0,0,1,11.5,0
"531",1,0,0,0,1,1,0,0,1,0,0,2,0,0,0,0,1,0,26,1
"532",0,1,1,0,0,0,1,0,0,1,0,28.8628808864266,0,0,0,0,0,1,7.2292,0
"533",0,1,1,0,0,1,0,0,0,1,0,17,0,0,0,0,0,1,7.2292,0
"534",0,1,0,0,0,1,0,0,0,0,1,28.8628808864266,0,0,0,0,1,0,22.3583,1
"535",0,1,0,0,1,0,1,0,1,0,0,30,0,0,0,0,0,1,8.6625,0
"536",1,0,0,0,1,1,0,0,1,0,0,7,0,0,0,0,1,0,26.25,1
"537",0,0,1,0,1,0,1,0,0,0,0,45,1,0,0,0,0,1,26.55,0
"538",0,0,0,0,0,0,1,0,1,0,0,30,0,0,0,0,1,0,106.425,1
"539",0,1,1,0,1,0,1,0,0,1,0,28.8628808864266,0,0,0,0,1,0,14.5,0
"540",0,0,0,0,0,1,0,0,1,0,0,22,1,0,0,0,0,1,49.5,1
"541",0,0,0,0,1,1,0,0,1,0,0,36,1,0,0,0,1,0,71,1
"542",0,1,0,0,1,0,0,0,1,0,0,9,0,0,0,0,0,0,31.275,0
"543",0,1,0,0,1,0,0,0,1,0,0,11,0,0,0,0,0,0,31.275,0
"544",1,0,1,0,1,1,0,0,0,1,0,32,0,0,0,0,1,0,26,1
"545",0,0,1,0,0,1,0,0,0,1,0,50,1,0,0,0,1,0,106.425,0
"546",0,0,1,0,1,0,1,0,0,1,0,64,0,0,0,0,0,1,26,0
"547",1,0,0,0,1,1,0,0,0,0,1,19,0,0,0,0,1,0,26,1
"548",1,0,1,0,0,0,1,0,0,1,0,33.0771144278607,0,0,0,0,0,1,13.8625,1
"549",0,1,1,0,1,1,0,0,0,1,0,33,0,0,0,0,1,0,20.525,0
"550",1,0,1,0,1,1,0,1,0,0,0,8,0,0,0,0,1,0,36.75,1
"551",0,0,1,0,0,1,0,0,0,1,0,17,1,0,0,0,1,0,110.8833,1
"552",1,0,1,0,1,0,1,0,0,1,0,27,0,0,0,0,1,0,26,0
"553",0,1,1,1,0,0,1,0,0,1,0,28.8628808864266,0,0,0,0,0,1,7.8292,0
"554",0,1,1,0,0,0,1,0,0,1,0,22,0,0,0,0,0,1,7.225,1
"555",0,1,0,0,1,0,1,0,1,0,0,22,0,0,0,0,0,1,7.775,1
"556",0,0,1,0,1,0,1,0,0,1,0,62,0,0,0,0,0,1,26.55,0
"557",0,0,0,0,0,1,0,0,1,0,0,48,1,0,0,0,0,1,39.6,1
"558",0,0,1,0,0,0,1,0,0,1,0,42.3995327102804,0,0,0,0,0,0,227.525,0
"559",0,0,0,0,1,1,0,0,0,0,1,39,1,0,0,0,1,0,79.65,1
"560",0,1,0,0,1,1,0,0,0,0,1,36,0,0,0,0,1,0,17.4,1
"561",0,1,1,1,0,0,1,0,0,1,0,28.8628808864266,0,0,0,0,0,1,7.75,0
"562",0,1,1,0,1,0,1,0,0,1,0,40,0,0,0,0,0,1,7.8958,0
"563",1,0,1,0,1,0,1,0,0,1,0,28,0,0,0,0,0,1,13.5,0
"564",0,1,1,0,1,0,1,0,0,1,0,28.8628808864266,0,0,0,0,0,1,8.05,0
"565",0,1,0,0,1,0,1,0,1,0,0,24.0104166666667,0,0,0,0,0,1,8.05,0
"566",0,1,1,0,1,1,0,0,0,1,0,24,0,0,0,0,1,0,24.15,0
"567",0,1,1,0,1,0,1,0,0,1,0,19,0,0,0,0,0,1,7.8958,0
"568",0,1,0,0,1,0,0,0,0,0,1,29,0,0,0,0,0,0,21.075,0
"569",0,1,1,0,0,0,1,0,0,1,0,28.8628808864266,0,0,0,0,0,1,7.2292,0
"570",0,1,1,0,1,0,1,0,0,1,0,32,0,0,0,0,0,1,7.8542,1
"571",1,0,1,0,1,0,1,0,0,1,0,62,0,0,0,0,0,1,10.5,1
"572",0,0,0,0,1,1,0,0,0,0,1,53,1,0,0,0,1,0,51.4792,1
"573",0,0,1,0,1,0,1,0,0,1,0,36,1,0,0,0,0,1,26.3875,1
"574",0,1,0,1,0,0,1,0,1,0,0,24.0104166666667,0,0,0,0,0,1,7.75,1
"575",0,1,1,0,1,0,1,0,0,1,0,16,0,0,0,0,0,1,8.05,0
"576",0,1,1,0,1,0,1,0,0,1,0,19,0,0,0,0,1,0,14.5,0
"577",1,0,0,0,1,0,1,0,1,0,0,34,0,0,0,0,0,1,13,1
"578",0,0,0,0,1,1,0,0,0,0,1,39,1,0,0,0,1,0,55.9,1
"579",0,1,0,0,0,1,0,0,0,0,1,28.8628808864266,0,0,0,0,1,0,14.4583,0
"580",0,1,1,0,1,0,1,0,0,1,0,32,0,0,0,0,0,1,7.925,1
"581",1,0,0,0,1,1,0,0,1,0,0,25,0,0,0,0,1,0,30,1
"582",0,0,0,0,0,1,0,0,0,0,1,39,1,0,0,0,1,0,110.8833,1
"583",1,0,1,0,1,0,1,0,0,1,0,54,0,0,0,0,1,0,26,0
"584",0,0,1,0,0,0,1,0,0,1,0,36,1,0,0,0,0,1,40.125,0
"585",0,1,1,0,0,0,1,0,0,1,0,28.8628808864266,0,0,0,0,0,1,8.7125,0
"586",0,0,0,0,1,1,0,0,1,0,0,18,1,0,0,0,1,0,79.65,1
"587",1,0,1,0,1,0,1,0,0,1,0,47,0,0,0,0,0,1,15,0
"588",0,0,1,0,0,1,0,0,0,1,0,60,1,0,0,0,1,0,79.2,1
"589",0,1,1,0,1,0,1,0,0,1,0,22,0,0,0,0,0,1,8.05,0
"590",0,1,1,0,1,0,1,0,0,1,0,28.8628808864266,0,0,0,0,0,1,8.05,0
"591",0,1,1,0,1,0,1,0,0,1,0,35,0,0,0,0,0,1,7.125,0
"592",0,0,0,0,0,1,0,0,0,0,1,52,1,0,0,0,1,0,78.2667,1
"593",0,1,1,0,1,0,1,0,0,1,0,47,0,0,0,0,0,1,7.25,0
"594",0,1,0,1,0,1,0,0,1,0,0,7.12378640776699,0,0,0,0,0,1,7.75,0
"595",1,0,1,0,1,1,0,0,0,1,0,37,0,0,0,0,1,0,26,0
"596",0,1,1,0,1,1,0,0,0,1,0,36,0,0,0,0,1,0,24.15,0
"597",1,0,0,0,1,0,1,0,1,0,0,24.0104166666667,0,0,0,0,1,0,33,1
"598",0,1,1,0,1,0,1,0,0,1,0,49,0,0,0,0,1,0,0,0
"599",0,1,1,0,0,0,1,0,0,1,0,28.8628808864266,0,0,0,0,0,1,7.225,0
"600",0,0,1,0,0,1,0,1,0,0,0,49,1,0,0,0,1,0,56.9292,1
"601",1,0,0,0,1,1,0,0,0,0,1,24,0,0,0,0,1,0,27,1
"602",0,1,1,0,1,0,1,0,0,1,0,28.8628808864266,0,0,0,0,0,1,7.8958,0
"603",0,0,1,0,1,0,1,0,0,1,0,42.3995327102804,0,0,0,0,1,0,42.4,0
"604",0,1,1,0,1,0,1,0,0,1,0,44,0,0,0,0,0,1,8.05,0
"605",0,0,1,0,0,0,1,0,0,1,0,35,0,0,0,0,0,1,26.55,1
"606",0,1,1,0,1,1,0,0,0,1,0,36,0,0,0,0,1,0,15.55,0
"607",0,1,1,0,1,0,1,0,0,1,0,30,0,0,0,0,0,1,7.8958,0
"608",0,0,1,0,1,0,1,0,0,1,0,27,0,0,0,0,0,1,30.5,1
"609",1,0,0,0,0,1,0,0,0,0,1,22,0,0,0,0,1,0,41.5792,1
"610",0,0,0,0,1,0,1,0,1,0,0,40,1,0,0,0,1,0,153.4625,1
"611",0,1,0,0,1,0,0,0,0,0,1,39,0,0,0,0,0,0,31.275,0
"612",0,1,1,0,1,0,1,0,0,1,0,28.8628808864266,0,0,0,0,0,1,7.05,0
"613",0,1,0,1,0,1,0,0,1,0,0,24.0104166666667,0,0,0,0,1,0,15.5,1
"614",0,1,1,1,0,0,1,0,0,1,0,28.8628808864266,0,0,0,0,0,1,7.75,0
"615",0,1,1,0,1,0,1,0,0,1,0,35,0,0,0,0,0,1,8.05,0
"616",1,0,0,0,1,1,0,0,1,0,0,24,0,0,0,0,0,0,65,1
"617",0,1,1,0,1,1,0,0,0,1,0,34,0,0,0,0,1,0,14.4,0
"618",0,1,0,0,1,1,0,0,0,0,1,26,0,0,0,0,1,0,16.1,0
"619",1,0,0,0,1,1,0,0,1,0,0,4,1,0,0,0,1,0,39,1
"620",1,0,1,0,1,0,1,0,0,1,0,26,0,0,0,0,0,1,10.5,0
"621",0,1,1,0,0,1,0,0,0,1,0,27,0,0,0,0,1,0,14.4542,0
"622",0,0,1,0,1,1,0,0,0,1,0,42,1,0,0,0,1,0,52.5542,1
"623",0,1,1,0,0,1,0,0,0,1,0,20,0,0,0,0,1,0,15.7417,1
"624",0,1,1,0,1,0,1,0,0,1,0,21,0,0,0,0,0,1,7.8542,0
"625",0,1,1,0,1,0,1,0,0,1,0,21,0,0,0,0,1,0,16.1,0
"626",0,0,1,0,1,0,1,0,0,1,0,61,1,0,0,0,0,1,32.3208,0
"627",1,0,1,1,0,0,1,0,0,0,0,57,0,0,0,0,0,1,12.35,0
"628",0,0,0,0,1,0,1,0,1,0,0,21,1,0,0,0,1,0,77.9583,1
"629",0,1,1,0,1,0,1,0,0,1,0,26,0,0,0,0,0,1,7.8958,0
"630",0,1,1,1,0,0,1,0,0,1,0,28.8628808864266,0,0,0,0,0,1,7.7333,0
"631",0,0,1,0,1,0,1,0,0,1,0,80,1,0,0,0,0,1,30,1
"632",0,1,1,0,1,0,1,0,0,1,0,51,0,0,0,0,0,1,7.0542,0
"633",0,0,1,0,0,0,1,0,0,0,0,32,1,0,0,0,0,1,30.5,1
"634",0,0,1,0,1,0,1,0,0,1,0,42.3995327102804,0,0,0,0,0,1,0,0
"635",0,1,0,0,1,0,0,0,1,0,0,9,0,0,0,0,0,0,27.9,0
"636",1,0,0,0,1,0,1,0,1,0,0,28,0,0,0,0,0,1,13,1
"637",0,1,1,0,1,0,1,0,0,1,0,32,0,0,0,0,0,1,7.925,0
"638",1,0,1,0,1,1,0,0,0,1,0,31,0,0,0,0,1,0,26.25,0
"639",0,1,0,0,1,0,0,0,0,0,1,41,0,0,0,0,0,0,39.6875,0
"640",0,1,1,0,1,1,0,0,0,1,0,28.8628808864266,0,0,0,0,1,0,16.1,0
"641",0,1,1,0,1,0,1,0,0,1,0,20,0,0,0,0,0,1,7.8542,0
"642",0,0,0,0,0,0,1,0,1,0,0,24,1,0,0,0,1,0,69.3,1
"643",0,1,0,0,1,0,0,0,1,0,0,2,0,0,0,0,0,0,27.9,0
"644",0,1,1,0,1,0,1,0,0,1,0,28.8628808864266,0,0,0,0,0,0,56.4958,1
"645",0,1,0,0,0,1,0,0,1,0,0,0.75,0,0,0,0,1,0,19.2583,1
"646",0,0,1,0,0,1,0,0,0,1,0,48,1,0,0,0,1,0,76.7292,1
"647",0,1,1,0,1,0,1,0,0,1,0,19,0,0,0,0,0,1,7.8958,0
"648",0,0,1,0,0,0,1,0,0,0,0,56,1,0,0,0,0,1,35.5,1
"649",0,1,1,0,1,0,1,0,0,1,0,28.8628808864266,0,0,0,0,0,1,7.55,0
"650",0,1,0,0,1,0,1,0,1,0,0,23,0,0,0,0,0,1,7.55,1
"651",0,1,1,0,1,0,1,0,0,1,0,28.8628808864266,0,0,0,0,0,1,7.8958,0
"652",1,0,0,0,1,1,0,0,1,0,0,18,0,0,0,0,1,0,23,1
"653",0,1,1,0,1,0,1,0,0,1,0,21,0,0,0,0,0,1,8.4333,0
"654",0,1,0,1,0,0,1,0,1,0,0,24.0104166666667,0,0,0,0,0,1,7.8292,1
"655",0,1,0,1,0,0,1,0,1,0,0,18,0,0,0,0,0,1,6.75,0
"656",1,0,1,0,1,1,0,0,0,1,0,24,0,0,0,0,0,0,73.5,0
"657",0,1,1,0,1,0,1,0,0,1,0,28.8628808864266,0,0,0,0,0,1,7.8958,0
"658",0,1,0,1,0,1,0,0,0,0,1,32,0,0,0,0,1,0,15.5,0
"659",1,0,1,0,1,0,1,0,0,1,0,23,0,0,0,0,0,1,13,0
"660",0,0,1,0,0,1,0,0,0,1,0,58,1,0,0,0,1,0,113.275,0
"661",0,0,1,0,1,1,0,0,0,0,0,50,0,0,0,0,1,0,133.65,1
"662",0,1,1,0,0,0,1,0,0,1,0,40,0,0,0,0,0,1,7.225,0
"663",0,0,1,0,1,0,1,0,0,1,0,47,1,0,0,0,0,1,25.5875,0
"664",0,1,1,0,1,0,1,0,0,1,0,36,0,0,0,0,0,1,7.4958,0
"665",0,1,1,0,1,1,0,0,0,1,0,20,0,0,0,0,0,1,7.925,1
"666",1,0,1,0,1,1,0,0,0,1,0,32,0,0,0,0,0,0,73.5,0
"667",1,0,1,0,1,0,1,0,0,1,0,25,0,0,0,0,0,1,13,0
"668",0,1,1,0,1,0,1,0,0,1,0,28.8628808864266,0,0,0,0,0,1,7.775,0
"669",0,1,1,0,1,0,1,0,0,1,0,43,0,0,0,0,0,1,8.05,0
"670",0,0,0,0,1,1,0,0,0,0,1,42.3995327102804,1,0,0,0,1,0,52,1
"671",1,0,0,0,1,1,0,0,0,0,1,40,0,0,0,0,1,0,39,1
"672",0,0,1,0,1,1,0,0,0,1,0,31,1,0,0,0,1,0,52,0
"673",1,0,1,0,1,0,1,0,0,1,0,70,0,0,0,0,0,1,10.5,0
"674",1,0,1,0,1,0,1,0,0,1,0,31,0,0,0,0,0,1,13,1
"675",1,0,1,0,1,0,1,0,0,1,0,33.0771144278607,0,0,0,0,0,1,0,0
"676",0,1,1,0,1,0,1,0,0,1,0,18,0,0,0,0,0,1,7.775,0
"677",0,1,1,0,1,0,1,0,0,1,0,24.5,0,0,0,0,0,1,8.05,0
"678",0,1,0,0,1,0,1,0,1,0,0,18,0,0,0,0,0,1,9.8417,1
"679",0,1,0,0,1,0,0,0,0,0,1,43,0,0,0,0,0,0,46.9,0
"680",0,0,1,0,0,1,0,0,0,1,0,36,0,0,1,0,1,0,512.3292,1
"681",0,1,0,1,0,0,1,0,1,0,0,24.0104166666667,0,0,0,0,0,1,8.1375,0
"682",0,0,1,0,0,0,1,0,0,1,0,27,1,0,0,0,1,0,76.7292,1
"683",0,1,1,0,1,0,1,0,0,1,0,20,0,0,0,0,0,1,9.225,0
"684",0,1,1,0,1,0,0,0,0,1,0,14,0,0,0,0,0,0,46.9,0
"685",1,0,1,0,1,1,0,0,0,1,0,60,0,0,0,0,1,0,39,0
"686",1,0,1,0,0,1,0,0,0,1,0,25,0,0,0,0,1,0,41.5792,0
"687",0,1,1,0,1,0,0,0,0,1,0,14,0,0,0,0,0,0,39.6875,0
"688",0,1,1,0,1,0,1,0,0,1,0,19,0,0,0,0,0,1,10.1708,0
"689",0,1,1,0,1,0,1,0,0,1,0,18,0,0,0,0,0,1,7.7958,0
"690",0,0,0,0,1,1,0,0,1,0,0,15,1,0,0,0,1,0,211.3375,1
"691",0,0,1,0,1,1,0,0,0,1,0,31,1,0,0,0,1,0,57,1
"692",0,1,0,0,0,1,0,0,1,0,0,4,0,0,0,0,1,0,13.4167,1
"693",0,1,1,0,1,0,1,0,0,1,0,28.8628808864266,0,0,0,0,0,0,56.4958,1
"694",0,1,1,0,0,0,1,0,0,1,0,25,0,0,0,0,0,1,7.225,0
"695",0,0,1,0,1,0,1,0,0,0,0,60,0,0,0,0,0,1,26.55,0
"696",1,0,1,0,1,0,1,0,0,1,0,52,0,0,0,0,0,1,13.5,0
"697",0,1,1,0,1,0,1,0,0,1,0,44,0,0,0,0,0,1,8.05,0
"698",0,1,0,1,0,0,1,0,1,0,0,24.0104166666667,0,0,0,0,0,1,7.7333,1
"699",0,0,1,0,0,1,0,0,0,1,0,49,1,0,0,0,1,0,110.8833,0
"700",0,1,1,0,1,0,1,0,0,1,0,42,0,1,0,0,0,1,7.65,0
"701",0,0,0,0,0,1,0,0,0,0,1,18,0,1,0,0,0,0,227.525,1
"702",0,0,1,0,1,0,1,0,0,1,0,35,1,0,0,0,0,1,26.2875,1
"703",0,1,0,0,0,1,0,0,1,0,0,18,0,0,0,0,1,0,14.4542,0
"704",0,1,1,1,0,0,1,0,0,1,0,25,0,0,0,0,0,1,7.7417,0
"705",0,1,1,0,1,1,0,0,0,1,0,26,0,0,0,0,0,1,7.8542,0
"706",1,0,1,0,1,0,1,0,0,1,0,39,0,0,0,0,1,0,26,0
"707",1,0,0,0,1,0,1,0,0,0,1,45,0,0,0,0,0,1,13.5,1
"708",0,0,1,0,1,0,1,0,0,1,0,42,1,0,0,0,0,1,26.2875,1
"709",0,0,0,0,1,0,1,0,1,0,0,22,0,0,0,0,0,0,151.55,1
"710",0,1,1,0,0,1,0,1,0,0,0,7.12378640776699,0,0,0,0,1,0,15.2458,1
"711",0,0,0,0,0,0,1,0,1,0,0,24,1,0,0,0,0,1,49.5042,1
"712",0,0,1,0,1,0,1,0,0,1,0,42.3995327102804,1,0,0,0,0,1,26.55,0
"713",0,0,1,0,1,1,0,0,0,1,0,48,1,0,0,0,1,0,52,1
"714",0,1,1,0,1,0,1,0,0,1,0,29,0,0,0,0,0,1,9.4833,0
"715",1,0,1,0,1,0,1,0,0,1,0,52,0,0,0,0,1,0,13,0
"716",0,1,1,0,1,0,1,0,0,1,0,19,0,1,0,0,0,1,7.65,0
"717",0,0,0,0,0,0,1,0,1,0,0,38,1,0,0,0,0,0,227.525,1
"718",1,0,0,0,1,0,1,0,1,0,0,27,1,0,0,0,0,1,10.5,1
"719",0,1,1,1,0,0,1,0,0,1,0,28.8628808864266,0,0,0,0,1,0,15.5,0
"720",0,1,1,0,1,0,1,0,0,1,0,33,0,0,0,0,0,1,7.775,0
"721",1,0,0,0,1,1,0,0,1,0,0,6,0,0,0,0,1,0,33,1
"722",0,1,1,0,1,1,0,0,0,1,0,17,0,0,0,0,0,1,7.0542,0
"723",1,0,1,0,1,0,1,0,0,1,0,34,0,0,0,0,0,1,13,0
"724",1,0,1,0,1,0,1,0,0,1,0,50,0,0,0,0,0,1,13,0
"725",0,0,1,0,1,1,0,0,0,1,0,27,1,0,0,0,1,0,53.1,1
"726",0,1,1,0,1,0,1,0,0,1,0,20,0,0,0,0,0,1,8.6625,0
"727",1,0,0,0,1,1,0,0,0,0,1,30,0,0,0,0,1,0,21,1
"728",0,1,0,1,0,0,1,0,1,0,0,24.0104166666667,0,0,0,0,0,1,7.7375,1
"729",1,0,1,0,1,1,0,0,0,1,0,25,0,0,0,0,1,0,26,0
"730",0,1,0,0,1,1,0,0,1,0,0,25,0,0,0,0,0,1,7.925,0
"731",0,0,0,0,1,0,1,0,1,0,0,29,1,0,0,0,1,0,211.3375,1
"732",0,1,1,0,0,0,1,0,0,1,0,11,0,0,0,0,1,0,18.7875,0
"733",1,0,1,0,1,0,1,0,0,1,0,33.0771144278607,0,0,0,0,0,1,0,0
"734",1,0,1,0,1,0,1,0,0,1,0,23,0,0,0,0,0,1,13,0
"735",1,0,1,0,1,0,1,0,0,1,0,23,0,0,0,0,0,1,13,0
"736",0,1,1,0,1,0,1,0,0,1,0,28.5,0,0,0,0,1,0,16.1,0
"737",0,1,0,0,1,0,0,0,0,0,1,48,0,0,0,0,0,0,34.375,0
"738",0,0,1,0,0,0,1,0,0,1,0,35,1,0,0,0,1,0,512.3292,1
"739",0,1,1,0,1,0,1,0,0,1,0,28.8628808864266,0,0,0,0,0,1,7.8958,0
"740",0,1,1,0,1,0,1,0,0,1,0,28.8628808864266,0,0,0,0,0,1,7.8958,0
"741",0,0,1,0,1,0,1,0,0,1,0,42.3995327102804,1,0,0,0,0,1,30,1
"742",0,0,1,0,1,1,0,0,0,1,0,36,1,0,0,0,1,0,78.85,0
"743",0,0,0,0,0,0,0,0,1,0,0,21,0,0,0,1,0,0,262.375,1
"744",0,1,1,0,1,1,0,0,0,1,0,24,0,0,0,0,1,0,16.1,0
"745",0,1,1,0,1,0,1,0,0,1,0,31,0,0,0,0,0,1,7.925,1
"746",0,0,1,0,1,1,0,0,0,0,0,70,1,0,0,0,1,0,71,0
"747",0,1,1,0,1,1,0,0,0,1,0,16,0,0,0,0,1,0,20.25,0
"748",1,0,0,0,1,0,1,0,1,0,0,30,0,0,0,0,0,1,13,1
"749",0,0,1,0,1,1,0,0,0,1,0,19,1,0,0,0,1,0,53.1,0
"750",0,1,1,1,0,0,1,0,0,1,0,31,0,0,0,0,0,1,7.75,0
"751",1,0,0,0,1,1,0,0,1,0,0,4,0,0,0,0,1,0,23,1
"752",0,1,1,0,1,1,0,1,0,0,0,6,1,0,0,0,1,0,12.475,1
"753",0,1,1,0,1,0,1,0,0,1,0,33,0,0,0,0,0,1,9.5,0
"754",0,1,1,0,1,0,1,0,0,1,0,23,0,0,0,0,0,1,7.8958,0
"755",1,0,0,0,1,1,0,0,0,0,1,48,0,0,0,0,0,0,65,1
"756",1,0,1,0,1,1,0,1,0,0,0,0.67,0,0,0,0,1,0,14.5,1
"757",0,1,1,0,1,0,1,0,0,1,0,28,0,0,0,0,0,1,7.7958,0
"758",1,0,1,0,1,0,1,0,0,1,0,18,0,0,0,0,0,1,11.5,0
"759",0,1,1,0,1,0,1,0,0,1,0,34,0,0,0,0,0,1,8.05,0
"760",0,0,0,0,1,0,1,0,0,0,1,33,1,0,0,0,1,0,86.5,1
"761",0,1,1,0,1,0,1,0,0,1,0,28.8628808864266,0,0,0,0,1,0,14.5,0
"762",0,1,1,0,1,0,1,0,0,1,0,41,0,0,0,0,0,1,7.125,0
"763",0,1,1,0,0,0,1,0,0,1,0,20,0,0,0,0,0,1,7.2292,1
"764",0,0,0,0,1,1,0,0,0,0,1,36,0,1,0,0,1,0,120,1
"765",0,1,1,0,1,0,1,0,0,1,0,16,0,0,0,0,0,1,7.775,0
"766",0,0,0,0,1,1,0,0,0,0,1,51,1,0,0,0,1,0,77.9583,1
"767",0,0,1,0,0,0,1,0,0,0,0,42.3995327102804,0,0,0,0,0,1,39.6,0
"768",0,1,0,1,0,0,1,0,1,0,0,30.5,0,0,0,0,0,1,7.75,0
"769",0,1,1,1,0,1,0,0,0,1,0,28.8628808864266,0,0,0,0,1,0,24.15,0
"770",0,1,1,0,1,0,1,0,0,1,0,32,0,0,0,0,0,1,8.3625,0
"771",0,1,1,0,1,0,1,0,0,1,0,24,0,0,0,0,0,1,9.5,0
"772",0,1,1,0,1,0,1,0,0,1,0,48,0,0,0,0,0,1,7.8542,0
"773",1,0,0,0,1,0,1,0,0,0,1,57,1,0,0,0,1,0,10.5,0
"774",0,1,1,0,0,0,1,0,0,1,0,28.8628808864266,0,0,0,0,0,1,7.225,0
"775",1,0,0,0,1,0,0,0,0,0,1,54,0,0,0,0,1,0,23,1
"776",0,1,1,0,1,0,1,0,0,1,0,18,0,0,0,0,0,1,7.75,0
"777",0,1,1,1,0,0,1,0,0,1,0,28.8628808864266,1,0,0,0,0,1,7.75,0
"778",0,1,0,0,1,0,1,0,1,0,0,5,0,0,0,0,1,0,12.475,1
"779",0,1,1,1,0,0,1,0,0,1,0,28.8628808864266,0,0,0,0,0,1,7.7375,0
"780",0,0,0,0,1,1,0,0,0,0,1,43,1,0,0,0,1,0,211.3375,1
"781",0,1,0,0,0,0,1,0,1,0,0,13,0,0,0,0,0,1,7.2292,1
"782",0,0,0,0,1,1,0,0,0,0,1,17,1,0,0,0,1,0,57,1
"783",0,0,1,0,1,0,1,0,0,1,0,29,1,0,0,0,0,1,30,0
"784",0,1,1,0,1,1,0,0,0,1,0,28.8628808864266,0,0,0,0,1,0,23.45,0
"785",0,1,1,0,1,0,1,0,0,1,0,25,0,0,0,0,0,1,7.05,0
"786",0,1,1,0,1,0,1,0,0,1,0,25,0,0,0,0,0,1,7.25,0
"787",0,1,0,0,1,0,1,0,1,0,0,18,0,0,0,0,0,1,7.4958,1
"788",0,1,1,1,0,0,0,1,0,0,0,8,0,0,0,0,0,0,29.125,0
"789",0,1,1,0,1,1,0,1,0,0,0,1,0,0,0,0,1,0,20.575,1
"790",0,0,1,0,0,0,1,0,0,1,0,46,0,1,0,0,1,0,79.2,0
"791",0,1,1,1,0,0,1,0,0,1,0,28.8628808864266,0,0,0,0,0,1,7.75,0
"792",1,0,1,0,1,0,1,0,0,1,0,16,0,0,0,0,1,0,26,0
"793",0,1,0,0,1,0,0,0,1,0,0,18.8168,0,0,0,0,0,0,69.55,0
"794",0,0,1,0,0,0,1,0,0,1,0,42.3995327102804,0,0,0,0,0,1,30.6958,0
"795",0,1,1,0,1,0,1,0,0,1,0,25,0,0,0,0,0,1,7.8958,0
"796",1,0,1,0,1,0,1,0,0,1,0,39,0,0,0,0,0,1,13,0
"797",0,0,0,0,1,0,1,0,0,0,0,49,1,0,0,0,0,1,25.9292,1
"798",0,1,0,0,1,0,1,0,0,0,1,31,0,0,0,0,0,1,8.6833,1
"799",0,1,1,0,0,0,1,0,0,1,0,30,0,0,0,0,0,1,7.2292,0
"800",0,1,0,0,1,1,0,0,0,0,1,30,0,0,0,0,1,0,24.15,0
"801",1,0,1,0,1,0,1,0,0,1,0,34,0,0,0,0,1,0,13,0
"802",1,0,0,0,1,1,0,0,0,0,1,31,0,0,0,0,1,0,26.25,1
"803",0,0,1,0,1,1,0,1,0,0,0,11,0,1,0,0,1,0,120,1
"804",0,1,1,0,0,1,0,1,0,0,0,0.42,0,0,0,0,1,0,8.5167,1
"805",0,1,1,0,1,0,1,0,0,1,0,27,0,0,0,0,0,1,6.975,1
"806",0,1,1,0,1,0,1,0,0,1,0,31,0,0,0,0,0,1,7.775,0
"807",0,0,1,0,1,0,1,0,0,1,0,39,1,0,0,0,0,1,0,0
"808",0,1,0,0,1,0,1,0,1,0,0,18,0,0,0,0,0,1,7.775,0
"809",1,0,1,0,1,0,1,0,0,1,0,39,0,0,0,0,0,1,13,0
"810",0,0,0,0,1,1,0,0,0,0,1,33,1,0,0,0,1,0,53.1,1
"811",0,1,1,0,1,0,1,0,0,1,0,26,0,0,0,0,0,1,7.8875,0
"812",0,1,1,0,1,0,1,0,0,1,0,39,0,0,0,0,1,0,24.15,0
"813",1,0,1,0,1,0,1,0,0,1,0,35,0,0,0,0,0,1,10.5,0
"814",0,1,0,0,1,0,0,0,1,0,0,6,0,0,0,0,0,0,31.275,0
"815",0,1,1,0,1,0,1,0,0,1,0,30.5,0,0,0,0,0,1,8.05,0
"816",0,0,1,0,1,0,1,0,0,1,0,42.3995327102804,1,0,0,0,1,0,0,0
"817",0,1,0,0,1,0,1,0,1,0,0,23,0,0,0,0,0,1,7.925,0
"818",1,0,1,0,0,1,0,0,0,1,0,31,0,0,0,0,1,0,37.0042,0
"819",0,1,1,0,1,0,1,0,0,1,0,43,0,0,0,0,0,1,6.45,0
"820",0,1,1,0,1,0,0,1,0,0,0,10,0,0,0,0,0,0,27.9,0
"821",0,0,0,0,1,1,0,0,0,0,1,52,1,0,0,0,1,0,93.5,1
"822",0,1,1,0,1,0,1,0,0,1,0,27,0,0,0,0,0,1,8.6625,1
"823",0,0,1,0,1,0,1,1,0,0,0,38,0,0,0,0,0,1,0,0
"824",0,1,0,0,1,1,0,0,0,0,1,27,1,0,0,0,1,0,12.475,1
"825",0,1,1,0,1,0,0,1,0,0,0,2,0,0,0,0,0,0,39.6875,0
"826",0,1,1,1,0,0,1,0,0,1,0,28.8628808864266,0,0,0,0,0,1,6.95,0
"827",0,1,1,0,1,0,1,0,0,1,0,28.8628808864266,0,0,0,0,0,0,56.4958,0
"828",1,0,1,0,0,1,0,1,0,0,0,1,0,0,0,0,1,0,37.0042,1
"829",0,1,1,1,0,0,1,0,0,1,0,28.8628808864266,0,0,0,0,0,1,7.75,1
"830",0,0,0,0,1,0,1,0,0,0,1,62,1,0,0,0,1,0,80,1
"831",0,1,0,0,0,1,0,0,0,0,1,15,0,0,0,0,1,0,14.4542,1
"832",1,0,1,0,1,1,0,1,0,0,0,0.83,0,0,0,0,1,0,18.75,1
"833",0,1,1,0,0,0,1,0,0,1,0,28.8628808864266,0,0,0,0,0,1,7.2292,0
"834",0,1,1,0,1,0,1,0,0,1,0,23,0,0,0,0,0,1,7.8542,0
"835",0,1,1,0,1,0,1,0,0,1,0,18,0,0,0,0,0,1,8.3,0
"836",0,0,0,0,0,1,0,0,1,0,0,39,1,0,0,0,1,0,83.1583,1
"837",0,1,1,0,1,0,1,0,0,1,0,21,0,0,0,0,0,1,8.6625,0
"838",0,1,1,0,1,0,1,0,0,1,0,28.8628808864266,0,0,0,0,0,1,8.05,0
"839",0,1,1,0,1,0,1,0,0,1,0,32,0,0,0,0,0,0,56.4958,1
"840",0,0,1,0,0,0,1,0,0,1,0,42.3995327102804,1,0,0,0,0,1,29.7,1
"841",0,1,1,0,1,0,1,0,0,1,0,20,0,0,0,0,0,1,7.925,0
"842",1,0,1,0,1,0,1,0,0,1,0,16,0,0,0,0,1,0,10.5,0
"843",0,0,0,0,0,0,1,0,1,0,0,30,0,0,0,0,1,0,31,1
"844",0,1,1,0,0,0,1,0,0,1,0,34.5,0,0,0,0,0,1,6.4375,0
"845",0,1,1,0,1,0,1,0,0,1,0,17,0,0,0,0,0,1,8.6625,0
"846",0,1,1,0,1,0,1,0,0,1,0,42,0,0,0,0,0,1,7.55,0
"847",0,1,1,0,1,0,0,0,0,1,0,28.8628808864266,0,0,0,0,0,0,69.55,0
"848",0,1,1,0,0,0,1,0,0,1,0,35,0,0,0,0,0,1,7.8958,0
"849",1,0,1,0,1,1,0,0,0,0,0,28,0,0,0,0,1,0,33,0
"850",0,0,0,0,0,1,0,0,0,0,1,42.3995327102804,1,0,0,0,1,0,89.1042,1
"851",0,1,1,0,1,0,0,1,0,0,0,4,0,0,0,0,0,0,31.275,0
"852",0,1,1,0,1,0,1,0,0,1,0,74,0,0,0,0,0,1,7.775,0
"853",0,1,0,0,0,1,0,0,1,0,0,9,0,0,0,0,1,0,15.2458,0
"854",0,0,0,0,1,1,0,0,1,0,0,16,1,0,0,0,1,0,39.4,1
"855",1,0,0,0,1,1,0,0,0,0,1,44,0,0,0,0,1,0,26,0
"856",0,1,0,0,1,1,0,0,0,0,1,18,0,0,0,0,1,0,9.35,1
"857",0,0,0,0,1,1,0,0,0,0,1,45,0,0,0,0,1,0,164.8667,1
"858",0,0,1,0,1,0,1,0,0,1,0,51,1,0,0,0,0,1,26.55,1
"859",0,1,0,0,0,1,0,0,0,0,1,24,0,0,0,0,1,0,19.2583,1
"860",0,1,1,0,0,0,1,0,0,1,0,28.8628808864266,0,0,0,0,0,1,7.2292,0
"861",0,1,1,0,1,1,0,0,0,1,0,41,0,0,0,0,1,0,14.1083,0
"862",1,0,1,0,1,1,0,0,0,1,0,21,0,0,0,0,0,1,11.5,0
"863",0,0,0,0,1,0,1,0,0,0,1,48,1,0,0,0,0,1,25.9292,1
"864",0,1,0,0,1,0,0,0,1,0,0,18.8168,0,0,0,0,0,0,69.55,0
"865",1,0,1,0,1,0,1,0,0,1,0,24,0,0,0,0,0,1,13,0
"866",1,0,0,0,1,0,1,0,0,0,1,42,0,0,0,0,0,1,13,1
"867",1,0,0,0,0,1,0,0,1,0,0,27,0,0,0,0,0,1,13.8583,1
"868",0,0,1,0,1,0,1,0,0,1,0,31,1,0,0,0,0,1,50.4958,0
"869",0,1,1,0,1,0,1,0,0,1,0,28.8628808864266,0,0,0,0,0,1,9.5,0
"870",0,1,1,0,1,1,0,1,0,0,0,4,0,0,0,0,1,0,11.1333,1
"871",0,1,1,0,1,0,1,0,0,1,0,26,0,0,0,0,0,1,7.8958,0
"872",0,0,0,0,1,1,0,0,0,0,1,47,1,0,0,0,1,0,52.5542,1
"873",0,0,1,0,1,0,1,0,0,1,0,33,0,0,1,0,0,1,5,0
"874",0,1,1,0,1,0,1,0,0,1,0,47,0,0,0,0,0,1,9,0
"875",1,0,0,0,0,1,0,0,0,0,1,28,0,0,0,0,1,0,24,1
"876",0,1,0,0,0,0,1,0,1,0,0,15,0,0,0,0,0,1,7.225,1
"877",0,1,1,0,1,0,1,0,0,1,0,20,0,0,0,0,1,0,9.8458,0
"878",0,1,1,0,1,0,1,0,0,1,0,19,0,0,0,0,0,1,7.8958,0
"879",0,1,1,0,1,0,1,0,0,1,0,28.8628808864266,0,0,0,0,0,1,7.8958,0
"880",0,0,0,0,0,1,0,0,0,0,1,56,1,0,0,0,1,0,83.1583,1
"881",1,0,0,0,1,1,0,0,0,0,1,25,0,0,0,0,1,0,26,1
"882",0,1,1,0,1,0,1,0,0,1,0,33,0,0,0,0,0,1,7.8958,0
"883",0,1,0,0,1,0,1,0,1,0,0,22,0,0,0,0,0,1,10.5167,0
"884",1,0,1,0,1,0,1,0,0,1,0,28,0,0,0,0,0,1,10.5,0
"885",0,1,1,0,1,0,1,0,0,1,0,25,0,0,0,0,0,1,7.05,0
"886",0,1,0,1,0,0,0,0,0,0,1,39,0,0,0,0,0,0,29.125,0
"887",1,0,1,0,1,0,1,0,0,0,0,27,0,0,0,0,0,1,13,0
"888",0,0,0,0,1,0,1,0,1,0,0,19,1,0,0,0,0,1,30,1
"889",0,1,0,0,1,1,0,0,1,0,0,7.12378640776699,0,0,0,0,1,0,23.45,0
"890",0,0,1,0,0,0,1,0,0,1,0,26,1,0,0,0,0,1,30,1
"891",0,1,1,1,0,0,1,0,0,1,0,32,0,0,0,0,0,1,7.75,0
"892",0,1,1,1,0,0,1,0,0,1,0,34.5,0,0,0,0,0,1,7.8292,NA
"893",0,1,0,0,1,1,0,0,0,0,1,47,0,0,0,0,0,1,7,NA
"894",1,0,1,1,0,0,1,0,0,1,0,62,0,0,0,0,0,1,9.6875,NA
"895",0,1,1,0,1,0,1,0,0,1,0,27,0,0,0,0,0,1,8.6625,NA
"896",0,1,0,0,1,1,0,0,0,0,1,22,0,0,0,0,1,0,12.2875,NA
"897",0,1,1,0,1,0,1,0,0,1,0,14,0,0,0,0,0,1,9.225,NA
"898",0,1,0,1,0,0,1,0,1,0,0,30,0,0,0,0,0,1,7.6292,NA
"899",1,0,1,0,1,1,0,0,0,1,0,26,0,0,0,0,1,0,29,NA
"900",0,1,0,0,0,0,1,0,0,0,1,18,0,0,0,0,0,1,7.2292,NA
"901",0,1,1,0,1,1,0,0,0,1,0,21,0,0,0,0,1,0,24.15,NA
"902",0,1,1,0,1,0,1,0,0,1,0,28.8628808864266,0,0,0,0,0,1,7.8958,NA
"903",0,0,1,0,1,0,1,0,0,1,0,46,0,0,0,0,0,1,26,NA
"904",0,0,0,0,1,1,0,0,0,0,1,23,1,0,0,0,1,0,82.2667,NA
"905",1,0,1,0,1,1,0,0,0,1,0,63,0,0,0,0,1,0,26,NA
"906",0,0,0,0,1,1,0,0,0,0,1,47,1,0,0,0,1,0,61.175,NA
"907",1,0,0,0,0,1,0,0,0,0,1,24,0,0,0,0,1,0,27.7208,NA
"908",1,0,1,1,0,0,1,0,0,1,0,35,0,0,0,0,0,1,12.35,NA
"909",0,1,1,0,0,0,1,0,0,1,0,21,0,0,0,0,0,1,7.225,NA
"910",0,1,0,0,1,1,0,0,1,0,0,27,0,0,0,0,0,1,7.925,NA
"911",0,1,0,0,0,0,1,0,0,0,1,45,0,0,0,0,0,1,7.225,NA
"912",0,0,1,0,0,1,0,0,0,1,0,55,0,0,0,0,1,0,59.4,NA
"913",0,1,1,0,1,1,0,1,0,0,0,9,0,0,0,0,0,1,3.1708,NA
"914",0,0,0,0,1,0,1,0,0,0,1,42.3995327102804,0,0,0,0,0,1,31.6833,NA
"915",0,0,1,0,0,1,0,0,0,1,0,21,0,0,0,0,1,0,61.3792,NA
"916",0,0,0,0,0,0,0,0,0,0,1,48,0,0,0,1,0,0,262.375,NA
"917",0,1,1,0,1,1,0,0,0,1,0,50,0,0,0,0,1,0,14.5,NA
"918",0,0,0,0,0,1,0,0,1,0,0,22,1,0,0,0,1,0,61.9792,NA
"919",0,1,1,0,0,0,1,0,0,1,0,22.5,0,0,0,0,0,1,7.225,NA
"920",0,0,1,0,1,0,1,0,0,1,0,41,1,0,0,0,0,1,30.5,NA
"921",0,1,1,0,0,1,0,0,0,1,0,28.8628808864266,0,0,0,0,1,0,21.6792,NA
"922",1,0,1,0,1,1,0,0,0,1,0,50,0,0,0,0,1,0,26,NA
"923",1,0,1,0,1,1,0,0,0,1,0,24,0,0,0,0,1,0,31.5,NA
"924",0,1,0,0,1,1,0,0,0,0,1,33,0,0,0,0,1,0,20.575,NA
"925",0,1,0,0,1,1,0,0,0,0,1,28.8628808864266,0,0,0,0,1,0,23.45,NA
"926",0,0,1,0,0,1,0,0,0,1,0,30,1,0,0,0,1,0,57.75,NA
"927",0,1,1,0,0,0,1,0,0,1,0,18.5,0,0,0,0,0,1,7.2292,NA
"928",0,1,0,0,1,0,1,0,1,0,0,24.0104166666667,0,0,0,0,0,1,8.05,NA
"929",0,1,0,0,1,0,1,0,1,0,0,21,0,0,0,0,0,1,8.6625,NA
"930",0,1,1,0,1,0,1,0,0,1,0,25,0,0,0,0,0,1,9.5,NA
"931",0,1,1,0,1,0,1,0,0,1,0,28.8628808864266,0,0,0,0,0,0,56.4958,NA
"932",0,1,1,0,0,1,0,0,0,1,0,39,0,0,0,0,1,0,13.4167,NA
"933",0,0,1,0,1,0,1,0,0,1,0,42.3995327102804,1,0,0,0,0,1,26.55,NA
"934",0,1,1,0,1,0,1,0,0,1,0,41,0,0,0,0,0,1,7.85,NA
"935",1,0,0,0,1,0,1,0,0,0,1,30,0,0,0,0,0,1,13,NA
"936",0,0,0,0,1,1,0,0,0,0,1,45,1,0,0,0,1,0,52.5542,NA
"937",0,1,1,0,1,0,1,0,0,1,0,25,0,0,0,0,0,1,7.925,NA
"938",0,0,1,0,0,0,1,0,0,1,0,45,1,0,0,0,0,1,29.7,NA
"939",0,1,1,1,0,0,1,0,0,1,0,28.8628808864266,0,0,0,0,0,1,7.75,NA
"940",0,0,0,0,0,0,1,0,0,0,1,60,1,0,0,0,1,0,76.2917,NA
"941",0,1,0,0,1,1,0,0,0,0,1,36,0,0,0,0,1,0,15.9,NA
"942",0,0,1,0,1,1,0,0,0,1,0,24,1,0,0,0,1,0,60,NA
"943",1,0,1,0,0,0,1,0,0,1,0,27,0,0,0,0,0,1,15.0333,NA
"944",1,0,0,0,1,1,0,0,1,0,0,20,0,0,0,0,1,0,23,NA
"945",0,0,0,0,1,0,0,0,1,0,0,28,0,0,1,0,0,0,263,NA
"946",1,0,1,0,0,0,1,0,0,1,0,33.0771144278607,0,0,0,0,0,1,15.5792,NA
"947",0,1,1,1,0,0,0,1,0,0,0,10,0,0,0,0,0,0,29.125,NA
"948",0,1,1,0,1,0,1,0,0,1,0,35,0,0,0,0,0,1,7.8958,NA
"949",0,1,1,0,1,0,1,0,0,1,0,25,0,1,0,0,0,1,7.65,NA
"950",0,1,1,0,1,1,0,0,0,1,0,28.8628808864266,0,0,0,0,1,0,16.1,NA
"951",0,0,0,0,0,0,1,0,1,0,0,36,1,0,0,0,0,0,262.375,NA
"952",0,1,1,0,1,0,1,0,0,1,0,17,0,0,0,0,0,1,7.8958,NA
"953",1,0,1,0,1,0,1,0,0,1,0,32,0,0,0,0,0,1,13.5,NA
"954",0,1,1,0,1,0,1,0,0,1,0,18,0,0,0,0,0,1,7.75,NA
"955",0,1,0,1,0,0,1,0,1,0,0,22,0,0,0,0,0,1,7.725,NA
"956",0,0,1,0,0,0,0,1,0,0,0,13,0,0,0,1,0,0,262.375,NA
"957",1,0,0,0,1,0,1,0,0,0,1,33.0771144278607,0,0,0,0,1,0,21,NA
"958",0,1,0,1,0,0,1,0,1,0,0,18,0,0,0,0,0,1,7.8792,NA
"959",0,0,1,0,1,0,1,0,0,1,0,47,0,0,0,0,1,0,42.4,NA
"960",0,0,1,0,0,0,1,0,0,1,0,31,1,0,0,0,0,1,28.5375,NA
"961",0,0,0,0,1,0,0,0,0,0,1,60,0,0,1,0,0,0,263,NA
"962",0,1,0,1,0,0,1,0,1,0,0,24,0,0,0,0,0,1,7.75,NA
"963",0,1,1,0,1,0,1,0,0,1,0,21,0,0,0,0,0,1,7.8958,NA
"964",0,1,0,0,1,0,1,0,1,0,0,29,0,0,0,0,0,1,7.925,NA
"965",0,0,1,0,0,0,1,0,0,1,0,28.5,1,0,0,0,0,1,27.7208,NA
"966",0,0,0,0,0,0,1,0,1,0,0,35,1,0,0,0,0,0,211.5,NA
"967",0,0,1,0,0,0,1,0,0,1,0,32.5,1,0,0,0,0,0,211.5,NA
"968",0,1,1,0,1,0,1,0,0,1,0,28.8628808864266,0,0,0,0,0,1,8.05,NA
"969",0,0,0,0,1,1,0,0,0,0,1,55,1,0,0,0,0,1,25.7,NA
"970",1,0,1,0,1,0,1,0,0,1,0,30,0,0,0,0,0,1,13,NA
"971",0,1,0,1,0,0,1,0,1,0,0,24,0,0,0,0,0,1,7.75,NA
"972",0,1,1,0,0,1,0,1,0,0,0,6,0,0,0,0,1,0,15.2458,NA
"973",0,0,1,0,1,1,0,0,0,1,0,67,0,1,0,0,1,0,221.7792,NA
"974",0,0,1,0,1,0,1,0,0,1,0,49,0,0,0,0,0,1,26,NA
"975",0,1,1,0,1,0,1,0,0,1,0,28.8628808864266,0,0,0,0,0,1,7.8958,NA
"976",1,0,1,1,0,0,1,0,0,1,0,33.0771144278607,0,0,0,0,0,1,10.7083,NA
"977",0,1,1,0,0,1,0,0,0,1,0,28.8628808864266,0,0,0,0,1,0,14.4542,NA
"978",0,1,0,1,0,0,1,0,1,0,0,27,0,0,0,0,0,1,7.8792,NA
"979",0,1,0,0,1,0,1,0,1,0,0,18,0,0,0,0,0,1,8.05,NA
"980",0,1,0,1,0,0,1,0,1,0,0,24.0104166666667,0,0,0,0,0,1,7.75,NA
"981",1,0,1,0,1,1,0,1,0,0,0,2,0,0,0,0,1,0,23,NA
"982",0,1,0,0,1,1,0,0,0,0,1,22,0,0,0,0,1,0,13.9,NA
"983",0,1,1,0,1,0,1,0,0,1,0,28.8628808864266,0,0,0,0,0,1,7.775,NA
"984",0,0,0,0,1,1,0,0,0,0,1,27,1,0,0,0,1,0,52,NA
"985",0,1,1,0,1,0,1,0,0,1,0,28.8628808864266,0,0,0,0,0,1,8.05,NA
"986",0,0,1,0,0,0,1,0,0,1,0,25,0,0,0,0,0,1,26,NA
"987",0,1,1,0,1,0,1,0,0,1,0,25,0,0,0,0,0,1,7.7958,NA
"988",0,0,0,0,1,1,0,0,0,0,1,76,1,0,0,0,1,0,78.85,NA
"989",0,1,1,0,1,0,1,0,0,1,0,29,0,0,0,0,0,1,7.925,NA
"990",0,1,0,0,1,0,1,0,1,0,0,20,0,0,0,0,0,1,7.8542,NA
"991",0,1,1,0,1,0,1,0,0,1,0,33,0,0,0,0,0,1,8.05,NA
"992",0,0,0,0,0,1,0,0,0,0,1,43,1,0,0,0,1,0,55.4417,NA
"993",1,0,1,0,1,1,0,0,0,1,0,27,0,0,0,0,1,0,26,NA
"994",0,1,1,1,0,0,1,0,0,1,0,28.8628808864266,0,0,0,0,0,1,7.75,NA
"995",0,1,1,0,1,0,1,0,0,1,0,26,0,0,0,0,0,1,7.775,NA
"996",0,1,0,0,0,1,0,0,0,0,1,16,0,0,0,0,1,0,8.5167,NA
"997",0,1,1,0,1,0,1,0,0,1,0,28,0,0,0,0,1,0,22.525,NA
"998",0,1,1,1,0,0,1,0,0,1,0,21,0,0,0,0,0,1,7.8208,NA
"999",0,1,1,1,0,0,1,0,0,1,0,28.8628808864266,0,0,0,0,0,1,7.75,NA
"1000",0,1,1,0,1,0,1,0,0,1,0,28.8628808864266,0,0,0,0,0,1,8.7125,NA
"1001",1,0,1,0,1,0,1,0,0,1,0,18.5,1,0,0,0,0,1,13,NA
"1002",1,0,1,0,0,0,1,0,0,1,0,41,0,0,0,0,0,1,15.0458,NA
"1003",0,1,0,1,0,0,1,0,1,0,0,24.0104166666667,0,0,0,0,0,1,7.7792,NA
"1004",0,0,0,0,0,0,1,0,1,0,0,36,1,0,0,0,0,1,31.6792,NA
"1005",0,1,0,1,0,0,1,0,1,0,0,18.5,0,0,0,0,0,1,7.2833,NA
"1006",0,0,0,0,1,1,0,0,0,0,1,63,0,1,0,0,1,0,221.7792,NA
"1007",0,1,1,0,0,1,0,0,0,1,0,18,0,0,0,0,1,0,14.4542,NA
"1008",0,1,1,0,0,0,1,0,0,1,0,28.8628808864266,0,0,0,0,0,1,6.4375,NA
"1009",0,1,0,0,1,1,0,0,1,0,0,1,1,0,0,0,1,0,16.7,NA
"1010",0,0,1,0,0,0,1,0,0,1,0,36,1,0,0,0,1,0,75.2417,NA
"1011",1,0,0,0,1,1,0,0,0,0,1,29,0,0,0,0,1,0,26,NA
"1012",1,0,0,0,1,0,1,0,1,0,0,12,0,0,0,0,1,0,15.75,NA
"1013",0,1,1,1,0,1,0,0,0,1,0,28.8628808864266,0,0,0,0,0,1,7.75,NA
"1014",0,0,0,0,0,1,0,0,0,0,1,35,1,0,0,0,1,0,57.75,NA
"1015",0,1,1,0,1,0,1,0,0,1,0,28,0,0,0,0,0,1,7.25,NA
"1016",0,1,1,1,0,0,1,0,0,1,0,28.8628808864266,0,0,0,0,0,1,7.75,NA
"1017",0,1,0,0,1,1,0,0,1,0,0,17,0,0,0,0,1,0,16.1,NA
"1018",0,1,1,0,1,0,1,0,0,1,0,22,0,0,0,0,0,1,7.7958,NA
"1019",0,1,0,1,0,1,0,0,1,0,0,24.0104166666667,0,0,0,0,1,0,23.25,NA
"1020",1,0,1,0,1,0,1,0,0,1,0,42,0,0,0,0,0,1,13,NA
"1021",0,1,1,0,1,0,1,0,0,1,0,24,0,0,0,0,0,1,8.05,NA
"1022",0,1,1,0,1,0,1,0,0,1,0,32,0,0,0,0,0,1,8.05,NA
"1023",0,0,1,0,0,0,1,0,0,0,0,53,1,0,0,0,0,1,28.5,NA
"1024",0,1,0,0,1,0,0,0,0,0,1,28.8628808864266,0,0,0,0,0,0,25.4667,NA
"1025",0,1,1,0,0,1,0,0,0,1,0,28.8628808864266,0,0,0,0,0,1,6.4375,NA
"1026",0,1,1,0,1,0,1,0,0,1,0,43,0,0,0,0,0,1,7.8958,NA
"1027",0,1,1,0,1,0,1,0,0,1,0,24,0,0,0,0,0,1,7.8542,NA
"1028",0,1,1,0,0,0,1,0,0,1,0,26.5,0,0,0,0,0,1,7.225,NA
"1029",1,0,1,0,1,0,1,0,0,1,0,26,0,0,0,0,0,1,13,NA
"1030",0,1,0,0,1,0,1,0,1,0,0,23,0,0,0,0,0,1,8.05,NA
"1031",0,1,1,0,1,0,0,0,0,1,0,40,0,0,0,0,0,0,46.9,NA
"1032",0,1,0,0,1,0,0,0,1,0,0,10,0,0,0,0,0,0,46.9,NA
"1033",0,0,0,0,1,0,1,0,1,0,0,33,0,0,0,0,0,0,151.55,NA
"1034",0,0,1,0,0,0,0,0,0,1,0,61,0,0,0,1,0,0,262.375,NA
"1035",1,0,1,0,1,0,1,0,0,1,0,28,0,0,0,0,1,0,26,NA
"1036",0,0,1,0,1,0,1,0,0,1,0,42,0,0,0,0,0,1,26.55,NA
"1037",0,1,1,0,1,1,0,0,0,1,0,31,0,0,0,0,1,0,18,NA
"1038",0,0,1,0,1,0,1,0,0,1,0,42.3995327102804,1,0,0,0,1,0,51.8625,NA
"1039",0,1,1,0,1,0,1,0,0,1,0,22,0,0,0,0,0,1,8.05,NA
"1040",0,0,1,0,1,0,1,0,0,1,0,42.3995327102804,0,0,0,0,0,1,26.55,NA
"1041",1,0,1,0,1,1,0,0,0,0,0,30,0,0,0,0,1,0,26,NA
"1042",0,0,0,0,0,1,0,0,0,0,1,23,1,0,0,0,1,0,83.1583,NA
"1043",0,1,1,0,0,0,1,0,0,1,0,28.8628808864266,0,0,0,0,0,1,7.8958,NA
"1044",0,1,1,0,1,0,1,0,0,1,0,60.5,0,0,0,0,0,1,33.2954792813456,NA
"1045",0,1,0,0,1,1,0,0,0,0,1,36,0,0,0,0,1,0,12.1833,NA
"1046",0,1,1,0,1,0,0,1,0,0,0,13,0,0,0,0,0,0,31.3875,NA
"1047",0,1,1,0,1,0,1,0,0,1,0,24,0,0,0,0,0,1,7.55,NA
"1048",0,0,0,0,1,0,1,0,1,0,0,29,1,0,0,0,1,0,221.7792,NA
"1049",0,1,0,0,1,0,1,0,1,0,0,23,0,0,0,0,0,1,7.8542,NA
"1050",0,0,1,0,1,0,1,0,0,1,0,42,1,0,0,0,0,1,26.55,NA
"1051",0,1,0,0,1,1,0,0,0,0,1,26,0,0,0,0,1,0,13.775,NA
"1052",0,1,0,1,0,0,1,0,1,0,0,24.0104166666667,0,0,0,0,0,1,7.7333,NA
"1053",0,1,1,0,0,1,0,1,0,0,0,7,0,0,0,0,1,0,15.2458,NA
"1054",1,0,0,0,1,0,1,0,1,0,0,26,0,0,0,0,0,1,13.5,NA
"1055",0,1,1,0,1,0,1,0,0,1,0,28.8628808864266,0,0,0,0,0,1,7,NA
"1056",1,0,1,0,1,0,1,0,0,0,0,41,0,0,0,0,0,1,13,NA
"1057",0,1,0,0,1,1,0,0,0,0,1,26,0,0,0,0,1,0,22.025,NA
"1058",0,0,1,0,0,0,1,0,0,1,0,48,1,0,0,0,0,1,50.4958,NA
"1059",0,1,1,0,1,0,0,0,0,1,0,18,0,0,0,0,0,0,34.375,NA
"1060",0,0,0,0,0,0,1,0,0,0,1,42.3995327102804,0,0,0,0,0,1,27.7208,NA
"1061",0,1,0,0,1,0,1,0,1,0,0,22,0,0,0,0,0,1,8.9625,NA
"1062",0,1,1,0,1,0,1,0,0,1,0,28.8628808864266,0,0,0,0,0,1,7.55,NA
"1063",0,1,1,0,0,0,1,0,0,1,0,27,0,0,0,0,0,1,7.225,NA
"1064",0,1,1,0,1,1,0,0,0,1,0,23,0,0,0,0,1,0,13.9,NA
"1065",0,1,1,0,0,0,1,0,0,1,0,28.8628808864266,0,0,0,0,0,1,7.2292,NA
"1066",0,1,1,0,1,0,0,0,0,1,0,40,0,0,0,0,0,0,31.3875,NA
"1067",1,0,0,0,1,1,0,0,1,0,0,15,0,0,0,0,1,0,39,NA
"1068",1,0,0,0,1,0,1,0,1,0,0,20,0,0,0,0,1,0,36.75,NA
"1069",0,0,1,0,0,1,0,0,0,1,0,54,1,0,0,0,1,0,55.4417,NA
"1070",1,0,0,0,1,1,0,0,0,0,1,36,1,0,0,0,1,0,39,NA
"1071",0,0,0,0,0,1,0,0,0,0,1,64,1,0,0,0,1,0,83.1583,NA
"1072",1,0,1,0,1,0,1,0,0,1,0,30,0,0,0,0,0,1,13,NA
"1073",0,0,1,0,0,1,0,0,0,1,0,37,1,0,0,0,1,0,83.1583,NA
"1074",0,0,0,0,1,1,0,0,0,0,1,18,1,0,0,0,1,0,53.1,NA
"1075",0,1,1,1,0,0,1,0,0,1,0,28.8628808864266,0,0,0,0,0,1,7.75,NA
"1076",0,0,0,0,0,1,0,0,0,0,1,27,0,1,0,0,1,0,247.5208,NA
"1077",1,0,1,0,1,0,1,0,0,1,0,40,0,0,0,0,0,1,16,NA
"1078",1,0,0,0,1,1,0,0,1,0,0,21,0,0,0,0,1,0,21,NA
"1079",0,1,1,0,1,1,0,0,0,1,0,17,0,0,0,0,0,1,8.05,NA
"1080",0,1,0,0,1,0,0,0,1,0,0,18.8168,0,0,0,0,0,0,69.55,NA
"1081",1,0,1,0,1,0,1,0,0,1,0,40,0,0,0,0,0,1,13,NA
"1082",1,0,1,0,1,1,0,0,0,1,0,34,0,0,0,0,1,0,26,NA
"1083",0,0,1,0,1,0,1,0,0,1,0,42.3995327102804,0,0,0,0,0,1,26,NA
"1084",0,1,1,0,1,1,0,1,0,0,0,11.5,0,0,0,0,1,0,14.5,NA
"1085",1,0,1,1,0,0,1,0,0,1,0,61,0,0,0,0,0,1,12.35,NA
"1086",1,0,1,0,1,1,0,1,0,0,0,8,0,0,0,0,1,0,32.5,NA
"1087",0,1,1,0,1,0,1,0,0,1,0,33,0,0,0,0,0,1,7.8542,NA
"1088",0,0,1,0,0,1,0,1,0,0,0,6,1,0,0,0,0,0,134.5,NA
"1089",0,1,0,0,1,0,1,0,1,0,0,18,0,0,0,0,0,1,7.775,NA
"1090",1,0,1,0,1,0,1,0,0,1,0,23,0,0,0,0,0,1,10.5,NA
"1091",0,1,0,0,1,0,1,0,0,0,1,28.8628808864266,0,0,0,0,0,1,8.1125,NA
"1092",0,1,0,1,0,0,1,0,1,0,0,24.0104166666667,0,0,0,0,1,0,15.5,NA
"1093",0,1,1,0,1,1,0,1,0,0,0,0.33,0,0,0,0,1,0,14.4,NA
"1094",0,0,1,0,0,1,0,0,0,0,0,47,0,1,0,0,0,0,227.525,NA
"1095",1,0,0,0,1,1,0,0,1,0,0,8,0,0,0,0,1,0,26,NA
"1096",1,0,1,0,1,0,1,0,0,1,0,25,0,0,0,0,0,1,10.5,NA
"1097",0,0,1,0,0,0,1,0,0,1,0,42.3995327102804,0,0,0,0,0,1,25.7417,NA
"1098",0,1,0,1,0,0,1,0,1,0,0,35,0,0,0,0,0,1,7.75,NA
"1099",1,0,1,0,1,0,1,0,0,1,0,24,0,0,0,0,0,1,10.5,NA
"1100",0,0,0,0,0,0,1,0,1,0,0,33,1,0,0,0,0,1,27.7208,NA
"1101",0,1,1,0,1,0,1,0,0,1,0,25,0,0,0,0,0,1,7.8958,NA
"1102",0,1,1,0,1,0,1,0,0,1,0,32,0,0,0,0,1,0,22.525,NA
"1103",0,1,1,0,1,0,1,0,0,1,0,28.8628808864266,0,0,0,0,0,1,7.05,NA
"1104",1,0,1,0,1,0,1,0,0,1,0,17,0,0,0,0,0,0,73.5,NA
"1105",1,0,0,0,1,1,0,0,0,0,1,60,0,0,0,0,1,0,26,NA
"1106",0,1,0,0,1,0,0,0,1,0,0,38,0,0,0,0,0,1,7.775,NA
"1107",0,0,1,0,1,0,1,0,0,1,0,42,1,0,0,0,0,1,42.5,NA
"1108",0,1,0,1,0,0,1,0,1,0,0,24.0104166666667,0,0,0,0,0,1,7.8792,NA
"1109",0,0,1,0,1,1,0,0,0,1,0,57,0,0,0,0,1,0,164.8667,NA
"1110",0,0,0,0,0,1,0,0,0,0,1,50,1,0,0,0,0,0,211.5,NA
"1111",0,1,1,0,1,0,1,0,0,1,0,28.8628808864266,0,0,0,0,0,1,8.05,NA
"1112",1,0,0,0,0,1,0,0,1,0,0,30,0,0,0,0,0,1,13.8583,NA
"1113",0,1,1,0,1,0,1,0,0,1,0,21,0,0,0,0,0,1,8.05,NA
"1114",1,0,0,0,1,0,1,0,0,0,1,22,1,0,0,0,0,1,10.5,NA
"1115",0,1,1,0,1,0,1,0,0,1,0,21,0,0,0,0,0,1,7.7958,NA
"1116",0,0,0,0,0,0,1,0,0,0,1,53,0,0,0,0,0,1,27.4458,NA
"1117",0,1,0,0,0,1,0,0,0,0,1,28.8628808864266,0,0,0,0,1,0,15.2458,NA
"1118",0,1,1,0,1,0,1,0,0,1,0,23,0,0,0,0,0,1,7.7958,NA
"1119",0,1,0,1,0,0,1,0,1,0,0,24.0104166666667,0,0,0,0,0,1,7.75,NA
"1120",0,1,1,0,1,0,1,0,0,1,0,40.5,0,0,0,0,1,0,15.1,NA
"1121",1,0,1,0,1,0,1,0,0,1,0,36,0,0,0,0,0,1,13,NA
"1122",1,0,1,0,1,0,1,0,0,1,0,14,0,0,0,0,0,0,65,NA
"1123",0,0,0,0,1,0,1,0,1,0,0,21,0,0,0,0,0,1,26.55,NA
"1124",0,1,1,0,1,1,0,0,0,1,0,21,0,0,0,0,0,1,6.4958,NA
"1125",0,1,1,1,0,0,1,0,0,1,0,28.8628808864266,0,0,0,0,0,1,7.8792,NA
"1126",0,0,1,0,0,1,0,0,0,1,0,39,1,0,0,0,1,0,71.2833,NA
"1127",0,1,1,0,1,0,1,0,0,1,0,20,0,0,0,0,0,1,7.8542,NA
"1128",0,0,1,0,0,1,0,0,0,1,0,64,1,0,0,0,1,0,75.25,NA
"1129",0,1,1,0,0,0,1,0,0,1,0,20,0,0,0,0,0,1,7.225,NA
"1130",1,0,0,0,1,1,0,0,1,0,0,18,0,0,0,0,0,1,13,NA
"1131",0,0,0,0,0,1,0,0,0,0,1,48,1,0,0,0,1,0,106.425,NA
"1132",0,0,0,0,0,0,1,0,0,0,1,55,0,0,0,0,0,1,27.7208,NA
"1133",1,0,0,0,1,1,0,0,0,0,1,45,0,0,0,0,1,0,30,NA
"1134",0,0,1,0,0,1,0,0,0,1,0,45,1,0,0,0,0,0,134.5,NA
"1135",0,1,1,0,1,0,1,0,0,1,0,28.8628808864266,0,0,0,0,0,1,7.8875,NA
"1136",0,1,1,0,1,1,0,1,0,0,0,7.12378640776699,0,0,0,0,1,0,23.45,NA
"1137",0,0,1,0,1,1,0,0,0,1,0,41,1,0,0,0,1,0,51.8625,NA
"1138",1,0,0,0,1,0,1,0,0,0,1,22,0,0,0,0,1,0,21,NA
"1139",1,0,1,0,1,1,0,0,0,1,0,42,0,0,0,0,1,0,32.5,NA
"1140",1,0,0,0,1,1,0,0,0,0,1,29,0,0,0,0,1,0,26,NA
"1141",0,1,0,0,0,1,0,0,0,0,1,28.8628808864266,0,0,0,0,1,0,14.4542,NA
"1142",1,0,0,0,1,1,0,0,1,0,0,0.92,0,0,0,0,1,0,27.75,NA
"1143",0,1,1,0,1,0,1,0,0,1,0,20,0,0,0,0,0,1,7.925,NA
"1144",0,0,1,0,0,1,0,0,0,1,0,27,1,0,0,0,1,0,136.7792,NA
"1145",0,1,1,0,1,0,1,0,0,1,0,24,0,0,0,0,0,1,9.325,NA
"1146",0,1,1,0,1,0,1,0,0,1,0,32.5,0,0,0,0,0,1,9.5,NA
"1147",0,1,1,0,1,0,1,0,0,1,0,28.8628808864266,0,0,0,0,0,1,7.55,NA
"1148",0,1,1,1,0,0,1,0,0,1,0,28.8628808864266,0,0,0,0,0,1,7.75,NA
"1149",0,1,1,0,1,0,1,0,0,1,0,28,0,0,0,0,0,1,8.05,NA
"1150",1,0,0,0,1,0,1,0,1,0,0,19,0,0,0,0,0,1,13,NA
"1151",0,1,1,0,1,0,1,0,0,1,0,21,0,0,0,0,0,1,7.775,NA
"1152",0,1,1,0,1,1,0,0,0,1,0,36.5,0,0,0,0,1,0,17.4,NA
"1153",0,1,1,0,1,0,1,0,0,1,0,21,0,0,0,0,0,1,7.8542,NA
"1154",1,0,0,0,1,1,0,0,0,0,1,29,0,0,0,0,1,0,23,NA
"1155",0,1,0,0,1,1,0,0,1,0,0,1,0,0,0,0,1,0,12.1833,NA
"1156",1,0,1,0,0,0,1,0,0,1,0,30,0,0,0,0,0,1,12.7375,NA
"1157",0,1,1,0,1,0,1,0,0,1,0,28.8628808864266,0,0,0,0,0,1,7.8958,NA
"1158",0,0,1,0,1,0,1,0,0,1,0,42.3995327102804,0,0,0,0,0,1,0,NA
"1159",0,1,1,0,1,0,1,0,0,1,0,28.8628808864266,0,0,0,0,0,1,7.55,NA
"1160",0,1,0,0,1,0,1,0,1,0,0,24.0104166666667,0,0,0,0,0,1,8.05,NA
"1161",0,1,1,0,1,0,1,0,0,1,0,17,0,0,0,0,0,1,8.6625,NA
"1162",0,0,1,0,0,0,1,0,0,1,0,46,1,0,0,0,1,0,75.2417,NA
"1163",0,1,1,1,0,0,1,0,0,1,0,28.8628808864266,0,0,0,0,0,1,7.75,NA
"1164",0,0,0,0,0,1,0,0,0,0,1,26,1,0,0,0,1,0,136.7792,NA
"1165",0,1,0,1,0,1,0,0,1,0,0,24.0104166666667,0,0,0,0,1,0,15.5,NA
"1166",0,1,1,0,0,0,1,0,0,1,0,28.8628808864266,0,0,0,0,0,1,7.225,NA
"1167",1,0,0,0,1,1,0,0,1,0,0,20,0,0,0,0,1,0,26,NA
"1168",1,0,1,0,1,0,1,0,0,1,0,28,0,0,0,0,0,1,10.5,NA
"1169",1,0,1,0,1,1,0,0,0,1,0,40,0,0,0,0,1,0,26,NA
"1170",1,0,1,0,1,1,0,0,0,1,0,30,0,0,0,0,1,0,21,NA
"1171",1,0,1,0,1,0,1,0,0,1,0,22,0,0,0,0,0,1,10.5,NA
"1172",0,1,0,0,1,0,1,0,1,0,0,23,0,0,0,0,0,1,8.6625,NA
"1173",0,1,1,0,1,1,0,1,0,0,0,0.75,0,0,0,0,1,0,13.775,NA
"1174",0,1,0,1,0,0,1,0,1,0,0,24.0104166666667,0,0,0,0,0,1,7.75,NA
"1175",0,1,0,0,0,1,0,0,1,0,0,9,0,0,0,0,1,0,15.2458,NA
"1176",0,1,0,0,1,1,0,0,1,0,0,2,0,0,0,0,1,0,20.2125,NA
"1177",0,1,1,0,1,0,1,0,0,1,0,36,0,0,0,0,0,1,7.25,NA
"1178",0,1,1,0,1,0,1,0,0,1,0,28.8628808864266,0,0,0,0,0,1,7.25,NA
"1179",0,0,1,0,1,1,0,0,0,1,0,24,1,0,0,0,1,0,82.2667,NA
"1180",0,1,1,0,0,0,1,0,0,1,0,28.8628808864266,0,1,0,0,0,1,7.2292,NA
"1181",0,1,1,0,1,0,1,0,0,1,0,28.8628808864266,0,0,0,0,0,1,8.05,NA
"1182",0,0,1,0,1,0,1,0,0,1,0,42.3995327102804,0,0,0,0,0,1,39.6,NA
"1183",0,1,0,1,0,0,1,0,1,0,0,30,0,0,0,0,0,1,6.95,NA
"1184",0,1,1,0,0,0,1,0,0,1,0,28.8628808864266,0,0,0,0,0,1,7.2292,NA
"1185",0,0,1,0,1,1,0,0,0,0,0,53,1,0,0,0,1,0,81.8583,NA
"1186",0,1,1,0,1,0,1,0,0,1,0,36,0,0,0,0,0,1,9.5,NA
"1187",0,1,1,0,1,0,1,0,0,1,0,26,0,0,0,0,0,1,7.8958,NA
"1188",1,0,0,0,0,1,0,0,1,0,0,1,0,0,0,0,1,0,41.5792,NA
"1189",0,1,1,0,0,1,0,0,0,1,0,28.8628808864266,0,0,0,0,1,0,21.6792,NA
"1190",0,0,1,0,1,0,1,0,0,1,0,30,0,0,0,0,0,1,45.5,NA
"1191",0,1,1,0,1,0,1,0,0,1,0,29,0,0,0,0,0,1,7.8542,NA
"1192",0,1,1,0,1,0,1,0,0,1,0,32,0,0,0,0,0,1,7.775,NA
"1193",1,0,1,0,0,0,1,0,0,1,0,33.0771144278607,1,0,0,0,0,1,15.0458,NA
"1194",1,0,1,0,1,1,0,0,0,1,0,43,0,0,0,0,1,0,21,NA
"1195",0,1,1,0,1,0,1,0,0,1,0,24,0,0,0,0,0,1,8.6625,NA
"1196",0,1,0,1,0,0,1,0,1,0,0,24.0104166666667,0,0,0,0,0,1,7.75,NA
"1197",0,0,0,0,1,1,0,0,0,0,1,64,1,0,0,0,0,1,26.55,NA
"1198",0,0,1,0,1,1,0,0,0,1,0,30,0,1,0,0,0,0,151.55,NA
"1199",0,1,1,0,1,1,0,1,0,0,0,0.83,0,0,0,0,1,0,9.35,NA
"1200",0,0,1,0,1,1,0,0,0,1,0,55,1,0,0,0,1,0,93.5,NA
"1201",0,1,0,0,1,1,0,0,0,0,1,45,0,0,0,0,1,0,14.1083,NA
"1202",0,1,1,0,1,0,1,0,0,1,0,18,0,0,0,0,0,1,8.6625,NA
"1203",0,1,1,0,0,0,1,0,0,1,0,22,0,0,0,0,0,1,7.225,NA
"1204",0,1,1,0,1,0,1,0,0,1,0,28.8628808864266,0,0,0,0,0,1,7.575,NA
"1205",0,1,0,1,0,0,1,0,1,0,0,37,0,0,0,0,0,1,7.75,NA
"1206",0,0,0,0,0,0,1,0,0,0,1,55,1,0,0,0,1,0,135.6333,NA
"1207",0,1,0,1,0,0,1,0,1,0,0,17,0,0,0,0,0,1,7.7333,NA
"1208",0,0,1,0,0,1,0,0,0,1,0,57,1,0,0,0,1,0,146.5208,NA
"1209",1,0,1,0,1,0,1,0,0,1,0,19,0,0,0,0,0,1,10.5,NA
"1210",0,1,1,0,1,0,1,0,0,1,0,27,0,0,0,0,0,1,7.8542,NA
"1211",1,0,1,0,1,1,0,0,0,1,0,22,0,0,0,0,1,0,31.5,NA
"1212",0,1,1,0,1,0,1,0,0,1,0,26,0,0,0,0,0,1,7.775,NA
"1213",0,1,1,0,0,0,1,0,0,1,0,25,0,1,0,0,0,1,7.2292,NA
"1214",1,0,1,0,1,0,1,0,0,1,0,26,1,0,0,0,0,1,13,NA
"1215",0,0,1,0,1,0,1,0,0,1,0,33,0,0,0,0,0,1,26.55,NA
"1216",0,0,0,0,1,0,1,0,1,0,0,39,0,0,0,0,1,0,211.3375,NA
"1217",0,1,1,0,1,0,1,0,0,1,0,23,0,0,0,0,0,1,7.05,NA
"1218",1,0,0,0,1,1,0,0,1,0,0,12,1,0,0,0,1,0,39,NA
"1219",0,0,1,0,0,0,1,0,0,1,0,46,0,0,0,0,1,0,79.2,NA
"1220",1,0,1,0,1,1,0,0,0,1,0,29,0,0,0,0,1,0,26,NA
"1221",1,0,1,0,1,0,1,0,0,1,0,21,0,0,0,0,0,1,13,NA
"1222",1,0,0,0,1,1,0,0,0,0,1,48,0,0,0,0,1,0,36.75,NA
"1223",0,0,1,0,0,0,1,0,0,1,0,39,1,0,0,0,0,1,29.7,NA
"1224",0,1,1,0,0,0,1,0,0,1,0,28.8628808864266,0,0,0,0,0,1,7.225,NA
"1225",0,1,0,0,0,1,0,0,0,0,1,19,0,0,0,0,1,0,15.7417,NA
"1226",0,1,1,0,1,0,1,0,0,1,0,27,0,0,0,0,0,1,7.8958,NA
"1227",0,0,1,0,1,0,1,0,0,1,0,30,1,0,0,0,0,1,26,NA
"1228",1,0,1,0,1,0,1,0,0,1,0,32,0,0,0,0,0,1,13,NA
"1229",0,1,1,0,0,1,0,0,0,1,0,39,0,0,0,0,0,1,7.2292,NA
"1230",1,0,1,0,1,0,1,0,0,1,0,25,0,0,0,0,1,0,31.5,NA
"1231",0,1,1,0,0,0,1,1,0,0,0,24.0104166666667,0,0,0,0,0,1,7.2292,NA
"1232",1,0,1,0,1,0,1,0,0,1,0,18,0,0,0,0,0,1,10.5,NA
"1233",0,1,1,0,1,0,1,0,0,1,0,32,0,0,0,0,0,1,7.5792,NA
"1234",0,1,1,0,1,0,0,0,0,1,0,28.8628808864266,0,0,0,0,0,0,69.55,NA
"1235",0,0,0,0,0,1,0,0,0,0,1,58,0,0,1,0,1,0,512.3292,NA
"1236",0,1,1,0,1,1,0,1,0,0,0,7.12378640776699,0,0,0,0,1,0,14.5,NA
"1237",0,1,0,0,1,0,1,0,1,0,0,16,0,0,0,0,0,1,7.65,NA
"1238",1,0,1,0,1,0,1,0,0,1,0,26,0,0,0,0,0,1,13,NA
"1239",0,1,0,0,0,0,1,0,0,0,1,38,0,0,0,0,0,1,7.2292,NA
"1240",1,0,1,0,1,0,1,0,0,1,0,24,0,0,0,0,0,1,13.5,NA
"1241",1,0,0,0,1,0,1,0,1,0,0,31,0,0,0,0,1,0,21,NA
"1242",0,0,0,0,0,1,0,0,0,0,1,45,0,1,0,0,1,0,63.3583,NA
"1243",1,0,1,0,1,0,1,0,0,1,0,25,0,0,0,0,0,1,10.5,NA
"1244",1,0,1,0,1,0,1,0,0,1,0,18,0,0,0,0,0,0,73.5,NA
"1245",1,0,1,0,1,1,0,0,0,1,0,49,0,0,0,0,0,0,65,NA
"1246",0,1,0,0,1,1,0,0,1,0,0,0.17,0,0,0,0,1,0,20.575,NA
"1247",0,0,1,0,1,0,1,0,0,1,0,50,1,0,0,0,0,1,26,NA
"1248",0,0,0,0,1,1,0,0,0,0,1,59,1,0,0,0,1,0,51.4792,NA
"1249",0,1,1,0,1,0,1,0,0,1,0,28.8628808864266,0,0,0,0,0,1,7.8792,NA
"1250",0,1,1,1,0,0,1,0,0,1,0,28.8628808864266,0,0,0,0,0,1,7.75,NA
"1251",0,1,0,0,1,1,0,0,0,0,1,30,0,0,0,0,1,0,15.55,NA
"1252",0,1,1,0,1,0,0,1,0,0,0,14.5,0,0,0,0,0,0,69.55,NA
"1253",1,0,0,0,0,1,0,0,0,0,1,24,0,0,0,0,1,0,37.0042,NA
"1254",1,0,0,0,1,0,1,0,0,0,1,31,0,0,0,0,1,0,21,NA
"1255",0,1,1,0,1,0,1,0,0,1,0,27,0,0,0,0,0,1,8.6625,NA
"1256",0,0,0,0,0,1,0,0,0,0,1,25,1,0,0,0,1,0,55.4417,NA
"1257",0,1,0,0,1,0,0,0,0,0,1,28.8628808864266,0,0,0,0,0,0,69.55,NA
"1258",0,1,1,0,0,1,0,0,0,1,0,28.8628808864266,0,0,0,0,1,0,14.4583,NA
"1259",0,1,0,0,1,0,1,0,1,0,0,22,0,0,0,0,0,0,39.6875,NA
"1260",0,0,0,0,0,1,0,0,0,0,1,45,0,0,0,0,1,0,59.4,NA
"1261",1,0,1,0,0,0,1,0,0,1,0,29,0,0,0,0,0,1,13.8583,NA
"1262",1,0,1,0,1,1,0,0,0,1,0,21,0,0,0,0,0,1,11.5,NA
"1263",0,0,0,0,0,0,1,0,1,0,0,31,0,1,0,0,0,0,134.5,NA
"1264",0,0,1,0,1,0,1,0,0,1,0,49,0,0,1,0,1,0,0,NA
"1265",1,0,1,0,1,0,1,0,0,1,0,44,0,0,0,0,0,1,13,NA
"1266",0,0,0,0,1,1,0,0,0,0,1,54,1,0,0,0,1,0,81.8583,NA
"1267",0,0,0,0,0,0,1,0,1,0,0,45,0,0,0,0,0,0,262.375,NA
"1268",0,1,0,0,1,1,0,0,1,0,0,22,0,0,0,0,0,1,8.6625,NA
"1269",1,0,1,0,1,0,1,0,0,1,0,21,0,0,0,0,0,1,11.5,NA
"1270",0,0,1,0,1,0,1,0,0,1,0,55,1,0,0,0,0,1,50,NA
"1271",0,1,1,0,1,0,0,1,0,0,0,5,0,0,0,0,0,0,31.3875,NA
"1272",0,1,1,1,0,0,1,0,0,1,0,28.8628808864266,0,0,0,0,0,1,7.75,NA
"1273",0,1,1,1,0,0,1,0,0,1,0,26,0,0,0,0,0,1,7.8792,NA
"1274",0,1,0,0,1,0,1,0,0,0,1,28.8628808864266,0,0,0,0,1,0,14.5,NA
"1275",0,1,0,0,1,1,0,0,0,0,1,19,0,0,0,0,1,0,16.1,NA
"1276",1,0,1,0,1,0,1,0,0,1,0,33.0771144278607,0,0,0,0,0,1,12.875,NA
"1277",1,0,0,0,1,1,0,0,1,0,0,24,0,0,0,0,0,0,65,NA
"1278",0,1,1,0,1,0,1,0,0,1,0,24,0,0,0,0,0,1,7.775,NA
"1279",1,0,1,0,1,0,1,0,0,1,0,57,0,0,0,0,0,1,13,NA
"1280",0,1,1,1,0,0,1,0,0,1,0,21,0,0,0,0,0,1,7.75,NA
"1281",0,1,1,0,1,0,0,1,0,0,0,6,0,0,0,0,0,0,21.075,NA
"1282",0,0,1,0,1,0,1,0,0,1,0,23,1,0,0,0,1,0,93.5,NA
"1283",0,0,0,0,1,1,0,0,0,0,1,51,1,0,0,0,1,0,39.4,NA
"1284",0,1,1,0,1,1,0,1,0,0,0,13,0,0,0,0,1,0,20.25,NA
"1285",1,0,1,0,1,0,1,0,0,1,0,47,0,0,0,0,0,1,10.5,NA
"1286",0,1,1,0,1,0,0,0,0,1,0,29,0,0,0,0,1,0,22.025,NA
"1287",0,0,0,0,1,1,0,0,0,0,1,18,1,0,0,0,1,0,60,NA
"1288",0,1,1,1,0,0,1,0,0,1,0,24,0,0,0,0,0,1,7.25,NA
"1289",0,0,0,0,0,1,0,0,0,0,1,48,1,0,0,0,1,0,79.2,NA
"1290",0,1,1,0,1,0,1,0,0,1,0,22,0,0,0,0,0,1,7.775,NA
"1291",0,1,1,1,0,0,1,0,0,1,0,31,0,0,0,0,0,1,7.7333,NA
"1292",0,0,0,0,1,0,1,0,1,0,0,30,1,0,0,0,1,0,164.8667,NA
"1293",1,0,1,0,1,1,0,0,0,1,0,38,0,0,0,0,1,0,21,NA
"1294",0,0,0,0,0,1,0,0,1,0,0,22,0,0,0,0,1,0,59.4,NA
"1295",0,0,1,0,1,0,1,0,0,1,0,17,0,0,0,0,1,0,47.1,NA
"1296",0,0,1,0,0,1,0,0,0,1,0,43,1,0,0,0,0,1,27.7208,NA
"1297",1,0,1,0,0,0,1,0,0,1,0,20,1,0,0,0,0,1,13.8625,NA
"1298",1,0,1,0,1,1,0,0,0,1,0,23,0,0,0,0,0,1,10.5,NA
"1299",0,0,1,0,0,1,0,0,0,1,0,50,1,0,0,0,0,0,211.5,NA
"1300",0,1,0,1,0,0,1,0,1,0,0,24.0104166666667,0,0,0,0,0,1,7.7208,NA
"1301",0,1,0,0,1,1,0,0,1,0,0,3,0,0,0,0,1,0,13.775,NA
"1302",0,1,0,1,0,0,1,0,1,0,0,24.0104166666667,0,0,0,0,0,1,7.75,NA
"1303",0,0,0,1,0,1,0,0,0,0,1,37,1,0,0,0,1,0,90,NA
"1304",0,1,0,0,1,0,1,0,1,0,0,28,0,0,0,0,0,1,7.775,NA
"1305",0,1,1,0,1,0,1,0,0,1,0,28.8628808864266,0,0,0,0,0,1,8.05,NA
"1306",0,0,0,0,0,0,1,0,0,0,1,39,1,0,0,0,1,0,108.9,NA
"1307",0,1,1,0,1,0,1,0,0,1,0,38.5,0,0,0,0,0,1,7.25,NA
"1308",0,1,1,0,1,0,1,0,0,1,0,28.8628808864266,0,0,0,0,0,1,8.05,NA
"1309",0,1,1,0,0,1,0,1,0,0,0,7.12378640776699,0,0,0,0,1,0,22.3583,NA
